"","gender","attr_o","intel_o","sinc_o","fun_o","amb_o","dec_o","race_o","race","career_c","sports","tvsports","exercise","dining","museums","art","hiking","gaming","clubbing","reading","tv","theater","movies","concerts","music","shopping","yoga"
"1",0,6.7,8,7.4,7.2,8,0.5,2.3,4,5.27779126213592,9,2,8,9,1,1,5,1,5,6,9,1,10,10,9,8,1
"2",0,7.7,7.9,7.1,7.5,7.5,0.6,2.3,2,5.27779126213592,3,2,7,10,8,6,3,5,8,10,1,9,8,7,8,3,1
"3",0,6.5,7.3,7.1,6.2,7.07784090909091,0.5,2.3,2,5.27779126213592,3,8,7,8,5,5,8,4,5,7,8,7,7,7,5,8,7
"4",0,7,7.7,7.1,7.5,7.7,0.6,2.3,2,1,1,1,6,7,6,7,7,5,7,7,7,9,7,8,7,1,8
"5",0,5.3,7.6,7.7,7.2,7.8,0.3,2.3,2,1,7,4,7,7,6,8,6,6,8,6,8,6,6,3,7,8,3
"6",0,6.8,8.6,7.8,7,8,0.5,2.3,4,1,10,8,9,7,8,7,9,2,6,9,2,5,6,6,4,1,1
"7",0,7.9,8.2,7.6,7,7.5,0.7,2.3,4,1,5,3,4,10,10,10,2,3,8,8,8,10,10,10,10,10,10
"8",0,8.2,8.1,7.8,7.9,7.37784090909091,0.8,2.3,2,6,2,2,1,10,9,9,3,2,10,8,10,9,9,6,6,8,6
"9",0,7,7.5,7.4,7.8,6.9,0.7,2.3,6,9,4,3,1,8,6,7,2,2,10,8,8,10,10,9,9,8,3
"10",0,6.31904114621602,6.4,7,6.4,6.2,0.4,2.3,2,9,9,9,9,7,6,6,7,1,7,8,5,6,7,7,8,7,7
"11",1,5.6,8.2,8.8,5.4,6.4,0.4,3,2,2,8,7,2,6,7,5,5,5,4,9,2,4,8,7,8,5,1
"12",1,7.1,7.1,6.6,6.7,6.9,0.4,3,2,1,9,7,9,8,7,6,3,3,5,6,6,4,7,7,9,5,5
"13",1,4.8,8.8,7.9,7,5.9,0.4,3,4,1,7,8,2,9,5,6,4,7,7,6,8,10,8,9,9,8,1
"14",1,8.2,7.4,7.6,7.6,6.6,0.8,3,2,1,10,6,8,8,3,3,10,8,8,6,7,3,10,6,8,6,1
"15",1,5.7,7.7,7.6,7.2,6.5,0.3,3,3,1,9,7,9,7,4,3,6,7,9,8,6,9,9,6,7,2,1
"16",1,5.6,7.6,8.4,4.4,6,0.3,3,2,7,7,2,6,7,7,7,5,5,5,8,3,7,8,7,8,6,1
"17",1,6.7,8.5,7.6,6.1,6.7,0.8,3,2,2,8,2,9,7,7,5,4,2,6,4,2,7,9,7,7,2,2
"18",1,5.1,7.7,7.4,5.2,7.5,0.3,3,2,7,5,5,5,9,4,3,4,4,2,6,9,3,9,3,6,2,1
"19",1,7.7,7.7,6.8,8.5,7.1,0.9,3,2,7,10,10,10,10,5,5,6,7,9,8,1,1,7,7,7,7,10
"20",1,7.5,7.9,7.3,8.2,8.4,0.9,3,2,7,10,10,10,10,9,9,4,10,10,8,3,8,8,6,6,5,10
"21",0,5.0625,7.75,7.3125,5.71253741581442,6.67365056818182,0.1875,2.375,4,10,10,8,10,5,5,5,2,1,3,7,10,4,7,4,8,5,2
"22",0,4.88690071638501,6.5,6.625,5.5,6.15980113636364,0.1875,2.375,1,5,1,2,2,8,8,8,1,2,6,8,8,8,9,7,7,8,8
"23",0,5.9375,6.9375,7.26095352861204,6.25,6.42365056818182,0.375,2.375,4,3,2,2,3,9,7,6,6,7,7,10,9,10,10,10,10,10,3
"24",0,6.5,7.33558133052527,6.94845352861204,6.625,6.72230113636364,0.5,2.375,2,9,10,1,10,9,6,6,10,6,3,6,1,6,9,8,8,6,7
"25",0,7.6875,6.96058133052527,7.26095352861204,7.27503741581442,6.09730113636364,0.875,2.375,2,9,7,4,7,7,6,3,5,6,8,9,9,7,10,6,8,8,4
"26",0,7.625,7.27308133052527,7.13595352861204,7.40003741581442,6.53480113636364,0.9375,2.375,2,9,9,4,9,7,7,4,6,5,7,5,3,9,9,6,4,5,1
"27",0,8.1875,6.89808133052527,7.38595352861204,7.5625,6.59730113636364,0.9375,2.375,3,9,7,6,8,8,7,6,8,7,8,8,5,5,5,5,7,7,8
"28",0,6.625,7.25,7.4375,6.375,6.625,0.5,2.375,2,5.27779126213592,6.42523195565731,4.57549102301482,6.24581274852392,7.78382937703338,6.98578141944813,6.71454392095433,5.73707675623569,3.88119050488011,5.74599349319195,7.67851548379323,5.30413302807567,6.77611760453067,7.91962887094831,6.8254006506808,7.85106639354139,5.63128087721412,4.33919749367394
"29",0,5.75,6.58558133052527,7.19845352861204,6.15003741581442,6.54865056818182,0.1875,2.375,2,9,8,9,7,7,7,6,2,2,7,7,7,5,7,6,8,9,5
"30",0,6.0625,7.33558133052527,6.88595352861204,6.27503741581442,7.22230113636364,0.25,2.375,2,1,5,6,8,7,4,4,2,1,7,8,5,7,7,7,9,6,4
"31",0,7.875,7.4375,7.25,6.5,7.54865056818182,0.8125,2.375,2,1,3,3,7,10,7,7,7,2,6,6,8,8,8,6,7,10,6
"32",0,6.88690071638501,8.14808133052527,7.76095352861204,7.15003741581442,7.42365056818182,0.5625,2.375,4,2,4,1,5,9,5,5,1,2,4,9,6,6,7,5,8,10,9
"33",0,6,8.0625,7.8125,6.8125,7.23615056818182,0.25,2.375,2,6,4,6,10,7,8,6,6,8,6,10,10,8,8,6,6,7,9
"34",0,7.1875,7.33558133052527,7.3125,6.83753741581442,7.25,0.6875,2.375,4,7,7,6,6,7,4,4,5,4,7,7,6,9,10,7,7,7,7
"35",0,7.3125,7.83558133052527,6.57345352861204,5.67507483162884,7.17365056818182,0.6875,2.375,2,7,9,7,9,8,8,8,5,6,9,7,9,8,8,7,7,8,3
"36",0,6.25,7.14808133052527,7.01095352861204,6.08753741581442,7.11115056818182,0.5,2.375,2,4,6,1,4,6,7,7,7,1,3,9,1,9,6,6,7,5,1
"37",0,5.01190071638501,7.39808133052527,6.88595352861204,5.71253741581442,6.42365056818182,0.1875,2.375,2,7,6,4,6,10,9,8,7,6,7,5,6,10,7,8,7,4,9
"38",0,6.51190071638501,7.71058133052527,7.51095352861204,7.52503741581442,7.59730113636364,0.4375,2.375,1,1,7,2,7,10,2,2,7,4,7,2,8,8,10,10,10,10,2
"39",0,4.44940071638501,6.89808133052527,7.32345352861204,7.21253741581442,6.23615056818182,0.125,2.375,3,1,3,2,4,10,10,8,7,1,5,10,9,9,10,9,9,10,1
"40",1,4.10526315789474,6.47368421052632,6.63157894736842,5.94736842105263,6.04096889952153,0.210526315789474,2.42105263157895,4,5.27779126213592,4,9,3,7,7,8,5,7,9,7,5,5,8,8,10,4,2
"41",1,3.68421052631579,6.70364743623181,6.47368421052632,4.25269459505586,6.63157894736842,0,2.42105263157895,4,1,5,5,6,5,5,5,5,10,5,6,6,6,6,5,5,5,1
"42",1,4.94736842105263,6.91417375202128,6.05263157894737,5.73684210526316,6.77781100478469,0.210526315789474,2.42105263157895,4,5,1,1,7,5,3,3,3,1,1,9,8,5,7,2,5,2,1
"43",1,4.26315789473684,6.94736842105263,6.36842105263158,4.63157894736842,6.35675837320574,0.157894736842105,2.42105263157895,2,2,8,9,6,5,7,7,2,5,5,9,6,7,4,6,5,2,1
"44",1,4.89473684210526,6.78947368421053,6.63157894736842,4.70529466594898,5.89473684210526,0.210526315789474,2.42105263157895,2,2,9,1,8,7,8,8,10,6,7,8,1,7,3,8,1,6,8
"45",1,5.21052631578947,6.89473684210526,6.21052631578947,3.91582098173846,6.52631578947368,0.210526315789474,2.42105263157895,2,7,9,7,3,6,8,6,6,7,6,6,7,6,7,6,6,6,3
"46",1,7.63157894736842,7.31578947368421,6.78947368421053,6.75792624489635,6.3450956937799,0.473684210526316,2.42105263157895,2,7,10,7,5,6,7,7,8,3,7,7,4,4,6,5,6,2,7
"47",1,4.05263157894737,6.47368421052632,5.84210526315789,5.63157894736842,5.94736842105263,0.0526315789473684,2.42105263157895,2,2,6,7,2,8,7,6,3,7,4,7,4,5,8,8,7,2,1
"48",1,6.73684210526316,5.89473684210526,6.26315789473684,6.78947368421053,5.63157894736842,0.421052631578947,2.42105263157895,2,6,3,1,6,7,7,8,1,5,8,4,6,10,10,6,8,6,2
"49",1,6.31578947368421,7.49312112044233,7.06185560304172,6.97368421052632,7.04096889952153,0.421052631578947,2.42105263157895,4,7,10,7,5,7,6,7,2,8,7,9,5,5,6,5,8,2,7
"50",1,6.31578947368421,7.3878579625476,6.57894736842105,7.63157894736842,7.61991626794258,0.578947368421053,2.42105263157895,1,1,10,10,3,8,5,3,4,3,10,5,6,8,10,7,10,6,2
"51",1,5.36842105263158,6.47368421052632,4.86842105263158,4.21052631578947,6.07894736842105,0.263157894736842,2.42105263157895,2,1,6,6,7,3,4,3,6,5,4,5,7,1,6,1,2,2,1
"52",1,3.9573900769558,7.19676855667414,6.70265857450449,5.1789788764753,6.46202153110048,0.210526315789474,2.42105263157895,2,1,8,5,3,6,3,4,3,3,3,3,7,4,6,3,5,4,2
"53",1,6.85212691906106,7.67045276720046,7.0184480481887,5.65266308700161,7.251495215311,0.473684210526316,2.42105263157895,2,4,8,4,3,10,9,8,8,4,4,9,5,7,9,9,9,7,3
"54",1,4.42105263157895,6.78259480465286,6.31578947368421,4.84210526315789,6.47368421052632,0,2.42105263157895,2,7,5,2,2,8,7,8,8,1,3,7,1,8,6,9,9,1,3
"55",1,6.21052631578947,7,7.05263157894737,7.07371571858056,6.77781100478469,0.315789473684211,2.42105263157895,1,1,10,8,4,5,5,4,1,6,10,9,7,5,10,7,10,5,1
"56",0,7.5,6.5,6.8,6.9,7,0.7,2.8,2,9,2,1,10,10,5,5,2,1,7,6,8,8,7,6,9,10,4
"57",0,5.3,6.9,7.7,5.9,5.7,0.2,2.8,2,9,4,4,5,9,9,9,9,1,5,9,9,9,9,9,9,9,9
"58",0,5.91904114621602,6.43693012884044,7.01752564577926,6.38011973060614,6.37784090909091,0.5,2.8,2.75718580877931,5.27779126213592,6.42523195565731,4.57549102301482,6.24581274852392,7.78382937703338,6.98578141944813,6.71454392095433,5.73707675623569,3.88119050488011,5.74599349319195,7.67851548379323,5.30413302807567,6.77611760453067,7.91962887094831,6.8254006506808,7.85106639354139,5.63128087721412,4.33919749367394
"59",0,5.79520573108009,7.02158077304262,7.20515387467557,5.34035919181841,5.94488636363636,0,2.8,2.75718580877931,5.27779126213592,6.42523195565731,4.57549102301482,6.24581274852392,7.78382937703338,6.98578141944813,6.71454392095433,5.73707675623569,3.88119050488011,5.74599349319195,7.67851548379323,5.30413302807567,6.77611760453067,7.91962887094831,6.8254006506808,7.85106639354139,5.63128087721412,4.33919749367394
"60",0,4.8,6.4,7,6.5,6,0.2,2.8,6,6,3,1,9,9,5,5,3,1,5,5,2,10,7,6,9,5,5
"61",0,3.9,7.53693012884044,7.1,5.3,5.7,0.2,2.8,2,2,1,1,5,10,10,10,5,1,5,10,6,10,10,8,10,8,7
"62",0,8.3,7.6,7.1,7,6.5,0.8,2.8,3,1,8,5,7,8,6,6,7,7,7,7,3,2,9,7,9,9,2
"63",0,4.4,7,6.5,6.2,5.97784090909091,0.1,2.8,4,10,5,3,8,6,9,8,5,1,2,10,1,8,9,4,5,6,2
"64",0,5.3,7.4,6.2,5.6,6.5,0.2,2.8,4,9,8,8,8,8,8,8,9,5,3,8,7,8,8,9,9,8,5
"65",0,6.5,7,7.3,7.8,6.2,0.4,2.8,6,3,7,5,7,8,8,8,8,8,9,8,8,8,9,8,8,9,6
"66",1,5.51904114621602,7.23693012884044,7.51752564577926,6.24005986530307,6.65568181818182,0.3,3.45133052378085,3,7,4,2,3,6,4,3,3,6,4,8,6,4,8,4,6,4,2
"67",1,6.51904114621602,7.93693012884044,7.91752564577926,6.34005986530307,6.93352272727273,0.4,3.45133052378085,6,1,9,9,6,7,6,6,4,4,4,6,6,3,9,9,9,2,1
"68",1,5.5,7.8,5.8,4.9,6,0.2,3.45133052378085,1,6,3,2,2,7,8,8,3,3,7,10,7,5,9,7,7,7,1
"69",1,7.3,7.9,7.6,7.1,7.07784090909091,0.7,3.45133052378085,2,7,10,7,5,5,3,2,1,3,9,8,2,4,7,6,7,2,1
"70",1,6.01904114621602,8.43693012884044,7.41752564577926,7.84005986530307,8.27784090909091,0.3,3.45133052378085,2,7,9,4,9,5,7,5,7,5,5,8,3,7,8,5,8,5,6
"71",1,5.11904114621602,7.73693012884044,8.11752564577926,5.34005986530307,7.27784090909091,0.4,3.45133052378085,2,14,9,10,6,4,3,3,7,6,7,7,8,3,10,6,8,2,1
"72",1,6.4,6.5,7.4,5,5.6,0.2,3.45133052378085,2,7,8,3,7,10,6,6,7,2,9,5,6,7,7,6,8,8,4
"73",1,6.11904114621602,7.83693012884044,7.61752564577926,7.44005986530307,7.95568181818182,0.4,3.45133052378085,2,7,9,9,7,6,5,4,4,6,6,5,5,5,7,7,6,4,1
"74",1,5.3,7.6,7.3,6,7.2,0.3,3.45133052378085,2,5,8,3,5,9,10,10,9,6,8,10,2,9,10,8,8,3,5
"75",1,5.31904114621602,8.03693012884044,7.61752564577926,5.54005986530307,7.15568181818182,0.2,3.45133052378085,6,1,8,2,8,7,7,7,7,5,9,8,8,5,7,6,8,5,5
"76",0,6.22222222222222,7.83333333333333,6.94444444444444,7.57781103627948,6.57417929292929,0.5,2.72222222222222,2,2,1,7,6,8,8,8,5,1,7,7,4,8,8,8,7,7,7
"77",0,6.83333333333333,7.27777777777778,7.23195869209959,6.52225548072393,6.40751262626263,0.444444444444444,2.72222222222222,2,11,7,1,10,9,9,9,8,3,6,6,6,8,8,10,10,7,9
"78",0,6.47222222222222,6.69444444444444,6.89862535876626,5.46669992516837,5.41982323232323,0.277777777777778,2.72222222222222,3,11,5,1,7,7,9,5,9,1,3,9,3,9,9,9,7,5,10
"79",0,5.88888888888889,7.77777777777778,7.83333333333333,6.85558881405726,6.30871212121212,0.5,2.72222222222222,4,5,2,3,2,10,10,10,2,1,7,4,4,9,9,8,8,3,3
"80",0,6.38888888888889,7.55555555555556,7.94444444444444,5.85006651700341,6.74084595959596,0.277777777777778,2.72222222222222,4,2,8,3,7,5,5,4,3,1,5,10,9,7,7,7,7,9,2
"81",0,7.88888888888889,7.61111111111111,7.27777777777778,6.96669992516837,7.79640151515152,0.777777777777778,2.72222222222222,2,6,6,2,7,9,9,7,7,1,7,7,7,9,9,7,7,7,4
"82",0,6.61111111111111,7.22222222222222,7.77777777777778,6.91114436961282,6.03093434343434,0.555555555555556,2.72222222222222,6,2,5,5,5,8,9,10,9,1,7,8,6,8,8,8,9,6,7
"83",0,7.33333333333333,7.77777777777778,8.05555555555556,7.3000332585017,7.03093434343434,0.722222222222222,2.72222222222222,3,7,5,1,3,5,7,8,3,1,6,8,3,7,8,7,8,4,7
"84",0,6.77777777777778,7.80555555555556,7.66666666666667,6.88336659183504,6.86426767676768,0.5,2.72222222222222,3,4,7,1,9,9,9,9,3,1,9,9,1,9,10,9,9,5,5
"85",0,6.38888888888889,7.33333333333333,7.72222222222222,6.35558881405726,6.29640151515152,0.388888888888889,2.72222222222222,2,9,2,3,4,9,8,6,8,4,7,8,4,6,7,5,8,5,3
"86",0,7.33333333333333,8,7.88888888888889,7.66666666666667,7.1852904040404,0.777777777777778,2.72222222222222,2,2,2,2,1,4,7,7,2,1,6,4,7,5,10,10,10,2,2
"87",0,7.5,7.11111111111111,7.16666666666667,6.91114436961282,6.51862373737374,0.555555555555556,2.72222222222222,2,9,10,5,10,8,7,7,8,4,9,9,6,7,10,9,10,7,9
"88",0,7,7.27777777777778,7.61111111111111,6.88888888888889,6.57417929292929,0.333333333333333,2.72222222222222,2,9,8,7,10,7,7,7,8,6,6,10,8,9,10,8,10,9,3
"89",0,6.94444444444444,7.61111111111111,7.38888888888889,6.02225548072393,7.32102272727273,0.444444444444444,2.72222222222222,2,2,2,2,2,10,8,8,7,8,9,8,1,9,8,8,9,4,2
"90",0,5.88888888888889,7.72222222222222,8,4.91114436961282,6.14204545454545,0.166666666666667,2.72222222222222,4,10,8,9,6,5,8,9,6,3,1,10,6,7,8,7,6,4,1
"91",0,8.38888888888889,8.22222222222222,8,7.68892214739059,8.03093434343434,0.888888888888889,2.72222222222222,6,1,4,2,5,7,7,5,7,3,5,7,7,10,8,8,7,6,2
"92",0,7.88888888888889,7.38888888888889,7.73195869209959,6.18892214739059,6.6852904040404,0.611111111111111,2.72222222222222,2,7,7,2,8,10,9,9,9,2,9,10,4,10,10,8,10,6,9
"93",0,7.13888888888889,8,7.97222222222222,7.43892214739059,6.87973484848485,0.777777777777778,2.72222222222222,2,2,3,2,6,10,7,6,8,7,8,7,5,8,8,6,5,7,6
"94",1,3.66666666666667,6.88888888888889,5.45418091432181,5.72222222222222,7.48768939393939,0.166666666666667,2.94444444444444,4,7,7,2,8,8,5,4,4,3,3,9,5,7,9,6,7,4,5
"95",1,4.66666666666667,7,6.88888888888889,5.38888888888889,6.72222222222222,0.111111111111111,2.94444444444444,2,7,10,10,6,6,4,3,1,6,4,7,9,5,10,8,10,3,3
"96",1,4.38888888888889,7.38888888888889,7.16666666666667,5.11111111111111,6.98768939393939,0,2.94444444444444,3,2,5,8,7,10,10,8,10,6,8,8,3,8,9,8,7,7,3
"97",1,7.16666666666667,8.11111111111111,7.05555555555556,7.02225548072393,7.22853535353535,0.555555555555556,2.94444444444444,2,2,6,8,8,3,3,3,6,1,5,8,3,2,7,3,7,3,5
"98",1,5.61111111111111,6.94444444444444,7.66666666666667,4.11111111111111,6.09880050505051,0.111111111111111,2.94444444444444,2,2,8,8,8,7,3,3,5,1,7,7,3,7,8,6,8,2,7
"99",1,7.83333333333333,7.88888888888889,7.66666666666667,7.5,7.59880050505051,0.944444444444444,2.94444444444444,2,1,5,5,5,8,10,10,5,5,9,6,6,10,10,10,10,8,5
"100",1,4.55555555555556,7.96496118268913,7.94444444444444,5.85558881405726,7.46306818181818,0.277777777777778,2.94444444444444,6,2,5,4,6,7,6,6,2,2,4,6,5,7,7,3,7,6,2
"101",1,4,7.66666666666667,7.61111111111111,4.68892214739059,6.97537878787879,0,2.94444444444444,4,7,9,9,7,9,9,9,8,8,9,8,7,9,8,7,8,8,4
"102",1,4.11111111111111,7.27777777777778,7.17640313654403,4.85558881405726,6.30871212121212,0.111111111111111,2.94444444444444,2,2,9,9,9,9,4,4,7,2,5,5,4,4,9,3,5,5,2
"103",1,6.22222222222222,6.94444444444444,7.17640313654403,6.43339985033674,7.15435606060606,0.277777777777778,2.94444444444444,2,7,8,7,8,8,6,4,8,5,8,8,8,5,8,8,8,6,3
"104",1,6.89946730345334,7.44444444444444,6.88888888888889,6.88888888888889,6.98768939393939,0.5,2.94444444444444,2,2,8,3,8,9,8,8,9,5,8,7,3,8,7,6,8,3,7
"105",1,6.27777777777778,8.16666666666667,7.88888888888889,8.05555555555556,7.59880050505051,0.555555555555556,2.94444444444444,1,1,9,9,6,8,5,5,3,4,7,8,6,6,7,4,7,5,5
"106",1,5.11111111111111,7.72222222222222,7.66666666666667,6.63336659183504,6.93213383838384,0.277777777777778,2.94444444444444,3,1,2,4,2,9,6,5,4,9,2,9,8,7,9,2,8,5,3
"107",1,6.88888888888889,8,8.05555555555556,8.11111111111111,7.36426767676768,0.666666666666667,2.94444444444444,2,2,7,2,4,7,6,7,8,1,7,7,1,5,7,9,9,1,10
"108",1,7.16666666666667,7.5,7,6.77777777777778,6.94444444444444,0.555555555555556,2.94444444444444,2,5,7,3,4,5,6,7,3,2,5,7,3,7,7,4,6,2,2
"109",1,5.83333333333333,7.94444444444444,7.55555555555556,7.22222222222222,7.27777777777778,0.444444444444444,2.94444444444444,4,6,2,1,2,10,10,10,1,2,2,10,5,7,10,10,10,5,3
"110",1,5.5,7.05555555555556,6.45418091432181,6.83333333333333,7.20991161616162,0.277777777777778,2.94444444444444,2,6,4,3,8,7,7,9,8,2,3,7,5,7,9,7,8,3,6
"111",1,4.77777777777778,7.5,7.22222222222222,6.4889554058923,7.09880050505051,0.111111111111111,2.94444444444444,4,7,9,9,7,9,10,9,9,1,5,9,5,8,9,8,5,3,5
"112",0,7.9,7.5,7.3,7,6.2,0.8,3.2,6,11,8,3,8,5,7,8,8,8,9,9,3,8,8,9,10,4,6
"113",0,6.4,7,6.7,6.6,6,0.4,3.2,2,10,5,3,7,10,9,8,7,2,6,8,7,10,10,9,10,10,7
"114",0,5,7.1,6.8,5.5,6.17784090909091,0.2,3.2,1,5.27779126213592,6,8,3,4,4,3,5,2,6,8,7,6,7,6,9,2,2
"115",0,7.11904114621602,6.63693012884044,6.41752564577926,7.14005986530307,6.47784090909091,0.5,3.2,2,3,2,2,8,7,3,3,1,1,8,10,2,2,6,4,7,8,1
"116",0,6.7,6.5,6.81752564577926,6.3,6.3,0.6,3.2,2,10,5,4,3,10,10,10,6,4,8,10,10,10,10,10,10,10,8
"117",0,7.61904114621602,7.43693012884044,7.21752564577926,7.34005986530307,7.37784090909091,0.5,3.2,2,7,6,8,6,9,8,6,3,5,8,8,5,6,5,6,5,9,3
"118",0,7.9,7,7.6,6.8,6.7,0.8,3.2,3,1,8,5,8,9,9,9,5,8,10,9,5,10,9,10,10,7,8
"119",0,7.8,7.5,6.6,7.3,6.9,0.7,3.2,3,6,5,4,4,8,7,5,3,1,5,10,6,10,9,6,8,3,5
"120",0,4.8,7.2,6.5,4.8,5.4,0.2,3.2,2,2,2,2,6,10,6,10,6,4,7,7,8,10,10,10,10,10,4
"121",1,7.61904114621602,8.13693012884044,8.61752564577926,8.24005986530307,7.27784090909091,0.7,2.57566526189043,6,1,7,9,7,9,7,6,5,6,6,6,8,7,8,8,8,5,4
"122",1,6.33808229243204,7.23693012884044,8.51752564577926,5.84005986530307,6.87784090909091,0.4,2.57566526189043,4,4,9,9,8,8,3,2,5,5,6,2,7,2,7,7,7,7,5
"123",1,4.01904114621602,6.93693012884044,5.81752564577926,3.38011973060614,8.27784090909091,0,2.57566526189043,4,1,5,5,8,10,8,8,6,5,8,8,6,9,9,9,8,8,7
"124",1,7.81904114621602,8.43693012884044,8.21752564577926,8.24005986530307,8.07784090909091,0.8,2.57566526189043,2,4,3,1,9,10,9,10,1,1,10,9,2,9,9,9,9,10,7
"125",1,6.11904114621602,8.43693012884044,7.91752564577926,6.74005986530307,7.77784090909091,0.3,2.57566526189043,2,4,10,8,7,8,8,7,5,2,7,10,5,8,8,9,10,6,7
"126",1,7.21904114621602,6.23693012884044,6.01752564577926,6.14005986530307,6.17784090909091,0.5,2.57566526189043,2,6,10,8,8,8,5,3,5,5,6,1,7,1,5,8,7,5,10
"127",1,7.41904114621602,7.97386025768087,8.31752564577926,6.78011973060614,6.65568181818182,0.7,2.57566526189043,2,5,8,7,7,6,4,4,8,7,3,5,3,4,8,10,10,2,2
"128",1,6.21904114621602,6.33693012884044,7.81752564577926,6.58011973060614,6.47784090909091,0.3,2.57566526189043,2,7,7,4,7,9,4,5,9,2,6,9,4,4,7,6,6,4,6
"129",1,7.21904114621602,7.63693012884044,8.61752564577926,6.54005986530307,6.77784090909091,0.7,2.57566526189043,4,10,7,4,9,8,3,2,7,5,7,6,2,1,2,2,9,6,2
"130",1,4.95712343864805,6.91079038652131,7.65257693733778,4.7201795959092,6.51136363636364,0.1,2.57566526189043,4,10,5,1,5,5,5,5,3,6,4,8,7,6,8,7,6,5,3
"131",0,7.8,7,7.23505129155852,7.2,7.2,1,3,2,7,7,2,10,5,7,7,9,1,1,5,9,5,10,3,10,1,10
"132",0,5.2,9,9,7.2,7.4,0.4,3,4,2,8,7,6,7,10,8,10,4,3,6,4,8,7,10,9,7,6
"133",0,6.5,8.3,8.4,6.2,6.8,0.6,3,2,2,7,4,4,8,9,6,7,8,6,8,5,9,5,7,8,8,8
"134",0,6.3,7.47386025768087,7.63505129155852,5.8,6.4,0.6,3,2,2,3,1,1,1,9,9,10,1,7,7,1,8,7,10,10,2,9
"135",0,5.8,8.07386025768087,7.2,7.2,8,0.6,3,2.75718580877931,5.27779126213592,6.42523195565731,4.57549102301482,6.24581274852392,7.78382937703338,6.98578141944813,6.71454392095433,5.73707675623569,3.88119050488011,5.74599349319195,7.67851548379323,5.30413302807567,6.77611760453067,7.91962887094831,6.8254006506808,7.85106639354139,5.63128087721412,4.33919749367394
"136",1,7.6,7.27386025768087,7.6,8.08011973060614,7.35568181818182,0.2,2.55133052378085,4,8,6,1,8,8,4,4,1,5,7,4,7,1,9,9,10,8,3
"137",1,8,8.6,8,7.88011973060614,7.95568181818182,0.6,2.55133052378085,2,7,7,2,9,8,6,6,1,7,7,9,9,4,9,2,9,6,2
"138",1,5.6,7.47386025768087,7,5.8,7,0.2,2.55133052378085,4,2,7,5,8,10,9,9,6,5,6,10,8,7,10,8,9,7,8
"139",1,8,8.2,8.2,8.4,8.35568181818182,0.6,2.55133052378085,2,7,8,6,8,9,5,5,5,5,7,9,6,7,6,4,5,4,3
"140",1,5.8,6.87386025768087,6.83505129155852,7.2,6.8,0.2,2.55133052378085,3,7,10,10,3,9,5,5,7,5,7,3,8,9,10,8,9,6,6
"141",0,7.3125,7.6875,7.1875,6.6875,6.58345170454545,0.5625,2.5625,2,2,5,6,6,6,5,5,6,14,7,6,6,6,6,6,8,6,6
"142",0,4.76190071638501,7.4375,7.6875,5,6.90980113636364,0.0625,2.5625,2,1,4,5,6,8,9,9,6,4,8,9,5,7,7,7,7,6,4
"143",0,6.82440071638501,8.14808133052527,7.57345352861204,7.33753741581442,6.59730113636364,0.375,2.5625,2,2,10,7,9,6,6,6,4,3,7,7,5,4,7,9,8,7,4
"144",0,5.4375,7.875,7.375,6.0625,6.59730113636364,0.3125,2.5625,2,2,2,1,2,9,9,5,2,2,1,8,10,10,10,5,8,9,2
"145",0,5.5,7.58558133052527,7.125,5.375,6.23615056818182,0.3125,2.5625,2,2,5,2,5,5,8,8,3,1,3,10,8,8,8,5,8,8,3
"146",0,6.75,7.14808133052527,7.125,8,6.54865056818182,0.5,2.5625,4,7,8,7,8,9,9,9,5,2,8,10,8,9,8,6,6,7,10
"147",0,7.0625,7.3125,7,6.48757483162884,6.98615056818182,0.6875,2.5625,4,7,7,4,6,9,9,9,5,2,1,10,10,9,9,5,7,9,7
"148",0,7.3125,7.4375,7.0625,6.5,6.84730113636364,0.75,2.5625,2,2,8,4,5,8,8,8,8,3,6,6,6,5,8,7,10,9,8
"149",0,7.25,8.375,8.0625,7.1875,7.17365056818182,0.6875,2.5625,2,2,5,1,3,5,3,3,9,1,5,7,1,1,7,5,4,2,10
"150",0,8.6875,7.46058133052527,8.125,7.75,6.84730113636364,0.875,2.5625,2,9,5,1,8,10,9,8,8,4,1,8,1,9,8,9,10,7,7
"151",0,7.125,7.83558133052527,7.9375,5.65003741581442,6.70845170454545,0.4375,2.5625,4,2,4,1,4,8,9,8,5,5,7,10,5,9,10,9,9,7,1
"152",0,6.3125,7.1875,7.8125,5.5,6.52095170454545,0.3125,2.5625,4,2,8,5,7,7,7,6,6,5,7,10,6,7,9,7,7,8,5
"153",0,7.75,7.5,7.75,7.15003741581442,7.47230113636364,0.8125,2.5625,2,7,10,7,8,8,6,6,6,1,6,8,7,7,8,6,6,3,2
"154",0,7.1875,7.0625,7.5,6.71253741581442,6.47230113636364,0.5625,2.5625,2,9,2,1,10,10,7,8,5,1,1,10,4,10,9,5,7,7,4
"155",0,7,8,7.875,7.125,7.86115056818182,0.625,2.5625,1,7,3,7,10,10,10,10,8,7,9,10,10,10,10,10,10,7,8
"156",0,7.625,7.375,7.3125,7.4375,7.52095170454545,0.75,2.5625,4,7,8,7,8,8,6,6,9,2,9,7,4,6,7,5,6,6,3
"157",1,4.5625,7.5,6.25,4.33753741581442,6.78480113636364,0,2.5625,2,2,2,4,4,6,7,4,7,7,6,8,6,5,8,4,9,5,1
"158",1,4.125,8,7.1875,5.875,7.06960227272727,0.125,2.5625,2,2,7,7,6,9,9,8,6,4,5,8,7,7,9,8,9,7,2
"159",1,7.375,7.4375,7.375,8,7.875,0.25,2.5625,1,8,9,8,10,6,6,4,3,4,8,6,3,7,9,6,9,3,2
"160",1,7.75,8,7.4375,7.71253741581442,7.22230113636364,0.6875,2.5625,2,10,9,9,9,8,7,6,7,7,9,9,8,6,8,6,9,6,2
"161",1,5.75,7.875,6.75,5.90003741581442,7.17365056818182,0.25,2.5625,4,4,3,3,3,8,7,7,6,2,8,5,4,3,9,10,10,7,3
"162",1,6.875,7.6875,7.6875,7.25,6.98615056818182,0.5,2.5625,2,2,6,2,2,4,8,8,4,1,1,8,1,6,6,4,6,2,1
"163",1,6.6875,8.125,7.8125,7,6.84730113636364,0.375,2.5625,2,2,7,5,5,6,7,7,7,1,3,7,2,5,6,4,6,2,2
"164",1,7.375,6.8125,7.0625,5.65003741581442,5.90980113636364,0.25,2.5625,2,6,3,1,6,6,7,7,2,1,1,10,8,8,8,5,5,2,2
"165",1,6.875,7.0625,6.5625,6.3125,7.27095170454545,0.25,2.5625,6,7,5,5,9,4,4,2,5,1,3,9,1,5,8,7,10,1,7
"166",1,5.9375,7.4375,6.8125,6.75,6.53480113636364,0.25,2.5625,2,2,9,9,8,6,8,8,9,2,5,6,5,6,8,6,7,3,2
"167",1,4.875,7.6875,7.375,6.40003741581442,6.59730113636364,0.1875,2.5625,4,10,5,5,3,5,5,5,5,3,3,5,3,5,5,5,3,3,3
"168",1,8.0625,8.375,8.0625,7.6875,7.47230113636364,0.8125,2.5625,2,2,10,7,8,9,9,7,7,1,6,4,2,7,6,8,8,4,4
"169",1,4.4375,8.125,7.3125,5.08753741581442,7.53480113636364,0,2.5625,4,4,2,1,8,8,8,8,5,3,1,9,8,7,8,6,8,4,5
"170",1,5.8125,8.1875,7.75,6,7.40980113636364,0.3125,2.5625,2,7,8,2,8,8,5,5,5,2,8,9,6,6,9,4,9,7,1
"171",1,6.9375,8.0625,7.9375,7.625,7.98615056818182,0.5,2.5625,2,7,7,8,7,8,4,5,5,6,8,7,4,6,8,8,7,6,3
"172",1,6.125,8.125,7.4375,7.4375,7.22230113636364,0.375,2.5625,2,2,10,8,9,6,5,6,7,4,8,7,4,5,6,9,10,3,6
"173",0,4.9,7.23693012884044,7.6,5.98011973060614,5.47784090909091,0.2,3,4,7,5,4,6,6,8,8,4,4,6,8,4,6,5,9,9,6,5
"174",0,5.8,7.6,7.51752564577926,6,6.57784090909091,0.4,3,6,7,8,2,6,8,7,7,3,3,6,6,5,6,5,6,9,5,3
"175",0,7.01904114621602,7.73693012884044,7.73505129155852,5.44005986530307,7.47784090909091,0.4,3,4,7,7,6,5,10,10,9,7,4,4,5,5,8,8,8,8,6,3
"176",0,4.9,7.03693012884044,7.13505129155852,6.94005986530307,7.27784090909091,0,3,2,7,5,9,6,8,6,4,2,3,7,9,7,6,7,3,4,5,1
"177",0,4.71904114621602,7.43693012884044,7.61752564577926,6.04005986530307,6.83352272727273,0.3,3,4,4,3,4,7,9,8,8,8,2,9,8,8,8,8,8,9,6,8
"178",0,8,8.3,7.8,8.2,7.67784090909091,0.8,3,3,2,5,5,10,10,7,7,5,1,7,10,1,8,8,7,9,10,9
"179",0,7.41904114621602,7.33693012884044,7.71752564577926,7.14005986530307,6.93352272727273,0.9,3,4,7,7,7,5,9,5,5,8,5,9,6,7,9,9,7,8,9,7
"180",0,7.21904114621602,7.47386025768087,8.31752564577926,6.88011973060614,7.15568181818182,0.6,3,1,2,3,6,5,9,9,9,6,3,9,9,9,9,9,9,9,9,6
"181",0,5.31904114621602,7.33693012884044,7.51752564577926,6.64005986530307,7.35568181818182,0.2,3,1,4,5,6,2,8,3,2,1,4,1,7,8,2,6,4,10,8,1
"182",0,6.1,6.93693012884044,6.81752564577926,6.2,6.07784090909091,0.2,3,2,6,9,6,8,9,8,8,9,9,9,7,8,8,9,9,10,8,1
"183",1,6.2,7.3,7.5,6.5,7.07784090909091,0.8,3.1,2,7,5,2,4,8,8,7,8,3,8,8,3,9,8,5,6,2,8
"184",1,5,6.2,5.8,5.4,6.37784090909091,0.2,3.1,4,6,8,7,8,8,8,9,6,7,8,9,9,9,9,8,9,9,9
"185",1,5.3,7.6,7.3,6,6.57784090909091,0.4,3.1,4,2,5,1,4,9,5,3,6,1,1,6,7,4,7,8,8,6,3
"186",1,4.7,6.2,6,5.6,5.95568181818182,0.1,3.1,2,7,3,5,10,5,10,10,1,2,1,10,5,8,8,10,10,1,1
"187",1,4.4,6.5,6.3,6.1,6.47784090909091,0.2,3.1,2,2,2,1,5,10,8,8,5,7,5,7,3,5,5,5,7,7,3
"188",1,5.4,7,7.2,5.8,6.47784090909091,0.4,3.1,6,9,8,7,8,5,7,7,7,7,7,9,5,7,9,7,8,4,7
"189",1,6.7,6.9,6.5,7.9,6.7,0.6,3.1,2,9,7,7,8,3,2,2,6,5,9,8,2,4,7,9,10,3,1
"190",1,6.5,7.2,7.2,7.2,7.5,0.8,3.1,2,7,8,1,7,8,6,6,6,1,8,7,3,4,8,4,7,1,7
"191",1,6.5,7.2,6.5,7.5,7.07784090909091,0.6,3.1,2,7,7,5,7,7,3,2,6,8,7,9,6,3,6,7,8,4,5
"192",1,6.1,7.5,7.2,7.04005986530307,7.27784090909091,0.5,3.1,4,1,8,10,7,9,9,8,1,1,4,10,10,10,10,9,9,9,5
"193",0,4.55,6.01846506442022,5.85,4.95,5.4,0.15,2.7,2,3,8,6,6,9,6,6,4,8,7,9,9,6,9,5,7,9,4
"194",0,6.65,7.5,7,7.2,5.9,0.8,2.7,2,2,7,6,9,8,5,5,9,9,8,10,1,3,4,3,6,5,1
"195",0,6.35,6.65,6.95,4.75,5.25,0.4,2.7,4,2,3,3,6,7,7,7,8,6,8,6,8,9,9,9,9,7,9
"196",0,6.85,7.3,6.95,6.45,6.5,0.8,2.7,6,7,6,1,4,10,8,8,4,7,5,9,6,5,10,8,10,7,3
"197",0,4.6,6.35,6.6,4.5,5.6,0.15,2.7,4,7,6,8,6,9,8,8,9,5,7,4,9,9,9,9,9,10,4
"198",0,7.3,6.8,5.85,6.05,6.15,0.75,2.7,2,2,8,3,10,10,10,10,1,1,7,10,4,7,8,3,5,7,1
"199",0,7.55,7.1,7.05,6.8,7.05,0.85,2.7,2,9,10,3,9,8,7,7,10,3,6,8,1,8,8,9,10,3,4
"200",0,6.6,7.35,7.3,6.45,6.45,0.35,2.7,2,7,8,8,8,8,7,7,7,8,7,7,7,7,7,7,7,7,6
"201",0,5.75,7.65,6.95,6.05,6.5,0.55,2.7,2,2,8,8,9,7,6,4,4,1,6,8,7,7,9,6,7,7,1
"202",0,6.95,8,7.4,6.4,6.3,0.75,2.7,2,2,3,1,8,6,4,2,2,1,6,7,10,6,8,3,7,9,2
"203",0,5.75,6.5,6.1,6.4,6.9,0.4,2.7,2,7,10,5,9,9,10,10,3,1,9,8,4,5,5,3,8,10,7
"204",0,6.25,6.85,6.55,5.8,5.95,0.65,2.7,2,2,8,2,6,8,6,6,7,2,6,9,3,3,8,5,6,3,5
"205",0,5.95,7.65,7.55,6.5,6.7,0.45,2.7,1,9,5,5,5,9,7,7,7,7,9,9,5,7,7,7,9,5,7
"206",0,8.45,6.8,6.65,8.15,6.85,0.95,2.7,2,1,10,8,8,7,5,5,2,3,4,3,7,7,6,5,7,9,6
"207",0,7.7,7.35,7.65,7.85,7.05,1,2.7,1,7,9,7,7,9,10,10,10,5,8,8,5,7,9,10,10,9,8
"208",0,5.45,6.85,7.3,6.2,6.35,0.2,2.7,1,7,3,2,6,8,5,5,6,8,8,3,6,7,8,7,10,3,3
"209",0,6.1,7.45,7.2,6.45,6.25,0.65,2.7,2,2,9,3,9,8,9,9,9,1,2,9,5,7,7,7,7,5,1
"210",0,7.2,6.9,6.55,5.8,6.55,0.7,2.7,2,9,9,8,9,10,9,9,5,8,1,9,9,10,10,9,7,10,7
"211",0,6.95,7.45,7.5,7.35,6.65,0.75,2.7,3,7,8,5,8,8,8,8,8,6,9,8,8,8,8,6,7,8,3
"212",0,7.1,7.1,7.3,6.95,6.75,0.75,2.7,3,7,8,7,9,8,8,7,6,7,7,8,7,10,10,8,9,8,5
"213",1,5.7,7.7,7.45,6.62002993265153,7.38892045454545,0.15,2.35,2,2,9,3,10,8,6,7,7,4,7,3,1,9,6,4,6,7,1
"214",1,6.9,8,7.50876282288963,7.57002993265153,8.3,0.4,2.35,4,7,8,6,9,9,6,4,2,7,6,9,5,2,9,2,7,9,2
"215",1,3.6,7.05,6.55,6.15,6.95568181818182,0.05,2.35,2,7,2,1,2,7,7,5,3,5,1,13,6,6,7,6,5,2,1
"216",1,7.8,9.15,7.75876282288963,6.79005986530307,8.73892045454545,0.65,2.35,2,2,1,2,8,7,8,8,10,1,2,10,4,8,6,10,10,1,7
"217",1,5.4,7.98693012884044,7.45876282288963,5.39005986530307,7.95568181818182,0.15,2.35,2,2,9,3,5,7,9,10,7,3,7,5,1,5,7,8,8,6,1
"218",1,7.4,7.93693012884044,7.75876282288963,7.5600897979546,7.61676136363636,0.45,2.35,2,7,8,2,7,7,7,8,3,3,6,7,2,6,7,7,10,3,10
"219",1,5.25,8.35,8.15,6.99005986530307,7.73892045454545,0.15,2.35,6,6,9,9,5,10,9,10,10,6,8,10,2,5,5,5,9,5,5
"220",1,6.05,8.2,7.75,6.1100897979546,7.25,0.25,2.35,4,7,5,6,3,7,6,3,4,3,7,8,7,8,8,4,4,4,1
"221",1,3.2,8.11846506442022,7.41752564577926,4.27002993265153,5.92784090909091,0.05,2.35,2,2,5,1,6,8,10,9,6,4,7,9,1,9,9,10,8,3,1
"222",1,5.35,7.65,7.85,5.57002993265153,7.17784090909091,0.05,2.35,2,2,8,7,6,6,8,7,6,7,8,9,6,5,10,6,7,5,2
"223",1,5.95,8.35,8.05,6.08011973060614,7.51676136363636,0.3,2.35,2,15,6,4,4,7,5,5,5,6,8,10,1,8,9,2,4,1,8
"224",1,6.1,7.95,7.95,7.17002993265153,7.65,0.25,2.35,3,7,10,8,3,8,8,8,7,3,9,8,8,9,7,9,9,2,6
"225",1,8.6,7.9,7.75,7.74005986530307,7.93892045454545,0.65,2.35,2,6,10,7,8,6,7,7,3,2,8,4,5,6,7,4,9,2,4
"226",1,6.95,7.2,7.3,6.84005986530307,7.43892045454545,0.35,2.35,2,7,7,7,7,10,9,7,2,6,5,10,8,8,9,5,7,5,1
"227",1,5.55,8.26846506442022,8.05,5.3,7.30568181818182,0.05,2.35,4,2,3,1,2,8,4,5,8,4,6,9,2,4,7,8,9,2,8
"228",1,7.3,8.25,7.20876282288963,7.22002993265153,8.12784090909091,0.4,2.35,2,7,8,5,7,7,1,1,5,3,3,8,5,1,5,2,6,1,1
"229",1,5.7,6.73693012884044,7,6.45,6.93892045454545,0.2,2.35,2,7,1,1,2,1,10,10,10,1,1,10,10,10,10,5,10,10,6
"230",1,5.95,7.3,7,7.02002993265153,7.46676136363636,0.25,2.35,3,9,5,2,7,9,9,6,8,1,9,9,1,8,9,9,10,1,7
"231",1,5,7.46846506442022,7.75876282288963,5.52002993265153,6.86676136363636,0.1,2.35,2,9,5,5,9,8,7,8,9,3,8,7,4,6,8,7,7,3,5
"232",1,5.60952057310801,7.56846506442022,7.41752564577926,6.8100897979546,7.66676136363636,0.25,2.35,4,7,10,9,8,10,8,8,7,9,8,5,10,8,10,10,10,8,6
"233",0,5.88888888888889,7.11111111111111,7.88888888888889,6.71117762811452,7.1729797979798,0.444444444444444,4,6,2,5,3,10,10,9,5,2,1,4,9,5,6,5,5,9,7,4
"234",0,7.88888888888889,7,7.55555555555556,7.44444444444444,6.06186868686869,0.888888888888889,4,2,2,1,3,3,10,9,10,2,1,7,7,1,9,9,6,10,10,7
"235",0,5.55555555555556,7.2632556987116,6.88888888888889,4.11111111111111,6.06186868686869,0.111111111111111,4,4,2,9,6,3,7,9,9,7,1,8,7,5,4,7,4,10,4,2
"236",0,5.33333333333333,7.44444444444444,7.66666666666667,5.88888888888889,6.37058080808081,0.333333333333333,4,2,6,1,1,10,7,8,9,9,1,1,10,6,8,6,2,9,2,10
"237",0,6.66666666666667,7.11111111111111,7.55555555555556,6.71117762811452,7.0864898989899,0.555555555555556,4,2,6,8,5,8,8,10,10,8,2,8,7,5,9,9,10,10,7,6
"238",0,5.77777777777778,7.22222222222222,7.55555555555556,5.33333333333333,5.64204545454545,0.333333333333333,4,2,7,3,3,5,8,8,7,8,1,6,9,6,8,8,6,7,1,8
"239",0,6.77777777777778,7,7.11111111111111,8,7.33333333333333,0.666666666666667,4,4,6,10,10,9,10,10,8,9,14,9,10,10,10,10,10,10,10,3
"240",0,6.66666666666667,6.88888888888889,7.66666666666667,7.44444444444444,7.06186868686869,0.888888888888889,4,4,7,8,1,5,7,7,7,4,1,3,4,1,3,4,6,7,6,3
"241",0,8,7.44444444444444,7.33333333333333,7.11111111111111,5.88888888888889,0.777777777777778,4,3,2,6,5,5,8,10,10,9,4,9,10,1,9,10,10,10,1,8
"242",1,5.66666666666667,7.44444444444444,6.55555555555556,5.66666666666667,5.44444444444444,0.777777777777778,3.22222222222222,2,2,7,2,7,9,5,8,5,7,3,9,5,5,9,8,8,6,2
"243",1,6.33333333333333,7,7.22222222222222,6.66666666666667,7.77777777777778,0.666666666666667,3.22222222222222,2,7,5,2,10,8,6,4,9,1,3,13,9,8,9,3,4,3,1
"244",1,4.77777777777778,8.55555555555556,6.33333333333333,5.77777777777778,7.33333333333333,0.333333333333333,3.22222222222222,2,1,3,1,2,6,7,8,4,8,6,9,2,7,8,6,6,1,6
"245",1,4.11111111111111,6.44444444444444,7.44444444444444,5.44444444444444,5.86426767676768,0.111111111111111,3.22222222222222,2,2,6,5,5,7,5,5,3,2,6,8,8,9,9,8,9,5,2
"246",1,4,7.55555555555556,7.66666666666667,4.66666666666667,6.33333333333333,0,3.22222222222222,4,2,5,4,7,1,3,2,9,4,2,5,3,3,3,3,3,2,6
"247",1,7,6.66666666666667,6,7.66666666666667,7.66666666666667,0.777777777777778,3.22222222222222,6,7,7,1,8,7,5,1,8,6,8,6,3,7,7,4,7,6,1
"248",1,4.22222222222222,7.37436680982271,6.77777777777778,5.55555555555556,7.88888888888889,0,3.22222222222222,6,7,7,9,1,10,8,6,1,1,6,10,7,3,8,8,5,4,1
"249",1,6.77777777777778,8,6.66666666666667,6.88888888888889,8.44444444444444,0.888888888888889,3.22222222222222,6,2,7,2,8,10,10,10,6,1,2,10,1,9,9,10,10,6,5
"250",1,4.77777777777778,7.55555555555556,7.33333333333333,5.55555555555556,6.06186868686869,0.222222222222222,3.22222222222222,6,10,7,6,1,6,8,8,5,8,4,9,7,6,9,6,8,2,3
"251",0,6.83333333333333,7.25568101373354,7.76190476190476,7.14285714285714,6.88365800865801,0.523809523809524,2.57142857142857,3,2,4,3,3,8,7,6,7,4,9,9,2,9,9,9,9,9,2
"252",0,3.85714285714286,6.89231440841946,6.29405983132346,4.73336184062051,5.96834415584416,0.238095238095238,2.57142857142857,4,2,5,3,5,8,10,10,6,1,6,10,7,7,10,7,7,7,3
"253",0,5.80952380952381,7.87472863278116,7.10358364084727,6.25717136443003,6.75135281385281,0.428571428571429,2.57142857142857,2,2,8,2,6,10,9,9,8,1,7,9,8,9,9,7,7,7,8
"254",0,5.71428571428571,6.1128238708764,6.24644078370441,5.06669517395384,5.60849567099567,0.333333333333333,2.57142857142857,4,4,6,8,9,6,6,6,4,2,5,6,4,7,7,8,8,9,1
"255",0,6.57142857142857,7.54139529944783,7.19882173608536,6.33333333333333,6.88365800865801,0.761904761904762,2.57142857142857,4,4,5,3,6,7,6,5,6,5,5,5,8,6,8,8,8,9,3
"256",0,6.85714285714286,6.73187148992402,7.00834554560917,6.44764755490622,6.53977272727273,0.523809523809524,2.57142857142857,2,2,7,1,6,9,10,10,10,3,4,10,2,5,10,10,10,4,10
"257",0,6.90476190476191,7.19047619047619,7.24644078370441,6.87621898347765,6.58739177489177,0.666666666666667,2.57142857142857,6,2,9,6,7,7,8,3,10,4,1,10,3,8,5,2,6,6,2
"258",0,6.53287673629334,7.39853815659068,6.15954823407549,5.89529510981245,6.82548701298701,0.333333333333333,2.57142857142857,2,2,8,3,7,8,7,7,4,2,7,8,6,7,7,5,7,5,6
"259",0,5.61904761904762,7.54139529944783,6.86548840275203,6.01907612633479,6.82548701298701,0.476190476190476,2.57142857142857,4,2,9,6,7,9,5,5,6,2,3,9,6,7,7,9,9,5,3
"260",0,5.28571428571429,7.19047619047619,6.38929792656155,5.59050469776337,5.93127705627706,0.428571428571429,2.57142857142857,4,2,6,4,3,9,9,8,3,5,8,9,2,9,9,9,9,4,6
"261",0,5.38095238095238,7.58901434706687,7.4369169741806,5.90476190476191,6.15882034632035,0.428571428571429,2.57142857142857,2,10,9,9,8,7,7,3,7,1,3,10,4,1,7,5,8,1,1
"262",0,5.85714285714286,7.54139529944783,7.14285714285714,7.28571428571429,6.45508658008658,0.666666666666667,2.57142857142857,1,10,1,1,1,5,7,7,7,1,3,9,4,7,7,7,8,9,6
"263",0,6.09523809523809,7.16044291849545,6.91310745037108,6.30479041204908,6.34929653679654,0.619047619047619,2.57142857142857,2,2,7,1,7,5,7,8,6,1,5,9,7,4,8,2,6,2,1
"264",0,5,6.96996672801925,6.47619047619048,3.97145707871575,5.51325757575758,0.333333333333333,2.57142857142857,2,2,2,9,8,8,7,8,2,1,2,10,6,7,10,8,9,2,1
"265",0,7.35714285714286,7.75568101373354,7.84167887894251,7.04288565014432,6.32548701298701,0.80952380952381,2.57142857142857,2,10,5,4,5,4,7,8,8,1,6,5,1,4,10,6,7,2,6
"266",0,5.95238095238095,6.06520482325735,6.62739316465679,5.59050469776337,5.58739177489177,0.238095238095238,2.57142857142857,4,4,4,8,5,9,7,6,4,7,8,3,9,5,9,4,9,10,2
"267",0,8.5,8.18425244230497,8.12739316465679,7.47145707871575,7.66937229437229,0.952380952380952,2.57142857142857,3,4,8,6,6,5,4,3,6,5,5,8,4,5,5,4,4,4,4
"268",0,7.47619047619048,7.96996672801925,7.68335775788501,7.14285714285714,7.1112012987013,0.761904761904762,2.57142857142857,2,2,4,1,8,8,8,10,7,3,1,10,3,6,6,6,9,4,2
"269",0,6.14285714285714,7.63663339468592,7.00834554560917,6.23809523809524,6.50270562770563,0.571428571428571,2.57142857142857,4,2,8,4,6,9,8,7,8,4,6,9,2,7,5,6,7,6,4
"270",0,6.52380952380952,6.20806196611449,6.10358364084727,6.19047619047619,5.87310606060606,0.476190476190476,2.57142857142857,2,11,8,7,10,9,10,10,5,5,6,7,7,9,9,9,8,9,5
"271",0,7.57142857142857,6.54139529944783,7,6.71428571428571,6.55032467532468,0.523809523809524,2.57142857142857,2,11,6,7,10,10,9,8,7,6,8,9,9,9,9,9,10,9,8
"272",1,5.85714285714286,7.47619047619048,6.76190476190476,5.57142857142857,6.37040043290043,0.333333333333333,2.9047619047619,2,2,6,1,5,7,7,4,8,1,3,2,5,7,8,8,8,3,2
"273",1,5.61904761904762,6.23809523809524,6.23809523809524,5.85714285714286,6.09523809523809,0.285714285714286,2.9047619047619,3,2,3,3,4,7,6,5,4,5,1,10,7,6,8,9,10,8,7
"274",1,6.28571428571429,7.28571428571429,6.47619047619048,5.23809523809524,6.70373376623377,0.0476190476190476,2.9047619047619,2,7,9,1,10,6,7,7,4,6,5,10,1,9,7,7,9,5,9
"275",1,5.80952380952381,7.42857142857143,6.47619047619048,6.23809523809524,6.14285714285714,0.333333333333333,2.9047619047619,2,2,6,2,8,9,8,9,2,3,6,9,1,4,7,6,7,2,2
"276",1,6.52380952380952,7.19047619047619,6.38095238095238,6.33333333333333,6.46563852813853,0.571428571428571,2.9047619047619,2,2,10,6,10,5,8,8,10,5,3,8,2,7,8,6,6,1,2
"277",1,4.47619047619048,7,6.19047619047619,5.14285714285714,6.52380952380952,0,2.9047619047619,2,2,8,1,5,9,9,9,9,5,8,9,5,7,9,9,9,5,1
"278",1,7.02380952380952,7.38095238095238,6.38095238095238,6.42857142857143,6.90476190476191,0.571428571428571,2.9047619047619,2,2,7,1,6,5,2,3,5,3,4,9,6,3,8,1,2,1,1
"279",1,4.85714285714286,7.95238095238095,7.14285714285714,5.42857142857143,6.16937229437229,0.285714285714286,2.9047619047619,2,2,8,1,5,5,6,5,5,4,2,10,2,7,10,7,8,2,2
"280",1,5.52380952380952,7.61904761904762,5.90476190476191,4.61904761904762,5.98944805194805,0.19047619047619,2.9047619047619,2,2,4,4,2,4,7,5,8,1,2,6,2,6,8,7,5,3,9
"281",1,6.47619047619048,6.85714285714286,7.04761904761905,7.14285714285714,6.32278138528139,0.380952380952381,2.9047619047619,1,7,10,10,10,5,4,4,4,7,8,9,5,7,7,7,10,5,1
"282",1,5.15192435534096,7.1128238708764,7.19882173608536,5.73336184062051,6.22754329004329,0.142857142857143,2.9047619047619,4,7,9,6,6,6,4,4,8,6,6,8,1,5,3,3,7,2,7
"283",1,5.80952380952381,7.04761904761905,6.76190476190476,5.95238095238095,6.13230519480519,0.333333333333333,2.9047619047619,2,6,9,2,5,7,7,9,8,1,5,9,5,5,9,8,9,8,5
"284",1,4.57142857142857,7,6.71428571428571,4.61904761904762,6.14285714285714,0.0952380952380952,2.9047619047619,6,7,5,7,6,10,9,10,9,14,5,9,7,3,10,10,10,10,10
"285",1,4.80952380952381,6.90476190476191,6.71428571428571,5.04761904761905,6.13230519480519,0,2.9047619047619,2,2,7,3,4,3,8,7,9,9,4,8,6,8,7,8,6,3,8
"286",1,4.43763864105525,6.20806196611449,4.96072649799012,4.30479041204908,6.08468614718615,0,2.9047619047619,4,6,2,1,5,7,2,2,9,6,4,10,8,8,10,8,8,8,8
"287",1,6,7.09523809523809,6.80952380952381,6.14285714285714,6.56087662337662,0.476190476190476,2.9047619047619,2,2,9,5,3,8,5,5,6,4,4,9,2,6,7,5,7,2,2
"288",1,6.09523809523809,7.19047619047619,7.04761904761905,7.38095238095238,6.65611471861472,0.571428571428571,2.9047619047619,4,7,10,6,1,7,3,6,10,5,3,10,6,5,7,6,8,2,1
"289",1,6.57142857142857,7.52380952380952,6.33333333333333,5.38095238095238,6.38095238095238,0.333333333333333,2.9047619047619,2,2,7,1,8,7,7,4,3,2,1,10,1,3,5,9,10,2,5
"290",1,5.09523809523809,8.14285714285714,7.09523809523809,6.09523809523809,7.85714285714286,0.238095238095238,2.9047619047619,4,4,9,7,7,7,7,7,5,6,5,7,5,6,7,5,8,5,5
"291",1,7.33333333333333,7.38095238095238,6.95238095238095,6.61904761904762,7.04761904761905,0.380952380952381,2.9047619047619,1,7,10,5,8,8,7,5,10,7,9,7,4,7,9,5,10,1,1
"292",1,5.61904761904762,6.76190476190476,6.57142857142857,5.38095238095238,6.90476190476191,0.285714285714286,2.9047619047619,3,7,6,9,7,10,8,7,6,6,8,9,6,9,9,8,8,6,4
"293",0,7.85714285714286,8.28571428571429,7.64285714285714,7.07142857142857,6.92857142857143,0.642857142857143,2.85714285714286,4,2,7,8,4,9,10,10,1,1,7,10,3,10,9,7,8,8,5
"294",0,5.57142857142857,6.78571428571429,6.92857142857143,5.85714285714286,5.76988636363636,0.142857142857143,2.85714285714286,2,2,7,8,8,5,7,5,3,1,2,10,7,10,10,8,8,5,8
"295",0,5.21428571428571,7.78571428571429,7.42857142857143,5.92857142857143,7.07142857142857,0.357142857142857,2.85714285714286,2,2,4,5,2,8,8,7,6,5,9,9,9,8,7,8,10,9,7
"296",0,7.21428571428571,6.57142857142857,7.35714285714286,6.57142857142857,6.05560064935065,0.571428571428571,2.85714285714286,2,2,5,2,8,8,10,10,3,3,5,10,8,10,10,8,8,8,6
"297",0,5.78571428571429,7.07142857142857,7.21428571428571,5.92857142857143,5.57142857142857,0.214285714285714,2.85714285714286,2,2,3,1,3,5,10,10,3,1,4,10,5,10,10,10,10,9,7
"298",0,5.78571428571429,7.42857142857143,7.71428571428571,6.78571428571429,6.07142857142857,0.357142857142857,2.85714285714286,4,2,7,1,7,8,9,8,9,4,9,9,6,7,9,7,9,5,4
"299",0,5.64285714285714,7.14285714285714,6.78571428571429,5.71428571428571,5.84131493506494,0.214285714285714,2.85714285714286,2,2,8,2,8,9,10,10,7,2,5,8,2,10,8,8,10,4,2
"300",0,6.14285714285714,8.07142857142857,7.5,6.5,7,0.285714285714286,2.85714285714286,2,2,5,3,9,10,7,8,5,1,5,9,5,9,10,9,9,5,9
"301",0,5.07142857142857,5.71428571428571,5.64285714285714,6.28571428571429,5.85714285714286,0,2.85714285714286,2,12,10,10,9,7,5,6,6,6,8,5,7,7,7,9,9,6,6
"302",0,7.21428571428571,7.64285714285714,7.14285714285714,6.85714285714286,6.28571428571429,0.571428571428571,2.85714285714286,2,2,7,1,9,9,9,7,7,1,1,10,2,9,9,8,9,5,1
"303",0,6.42857142857143,6.57142857142857,7.35714285714286,7.14285714285714,6,0.285714285714286,2.85714285714286,2,12,10,1,8,7,7,8,2,1,4,8,1,8,9,7,7,8,9
"304",0,6.57142857142857,7.21428571428571,7.21428571428571,5.92857142857143,6.21428571428571,0.214285714285714,2.85714285714286,4,2,8,2,7,10,7,7,8,2,7,8,7,8,9,7,7,9,8
"305",0,6.92857142857143,6.64285714285714,7.57142857142857,6.07142857142857,5.48417207792208,0.142857142857143,2.85714285714286,4,2,6,6,9,8,5,5,7,4,5,6,9,9,9,5,5,9,5
"306",0,7.21428571428571,7.85714285714286,7.92857142857143,7.14285714285714,6.34131493506494,0.642857142857143,2.85714285714286,4,2,10,8,10,9,8,9,10,1,5,10,7,10,10,8,10,9,3
"307",1,5.07142857142857,8.42857142857143,8.14285714285714,5.88575704664505,7.71428571428571,0.0714285714285714,2.71428571428571,4,2,7,7,7,8,8,8,8,7,3,7,9,8,9,7,8,7,7
"308",1,6.64285714285714,8.31209294917174,8.28571428571429,7.21428571428571,6.98417207792208,0.5,2.71428571428571,2,2,6,4,4,9,8,10,8,5,7,9,6,8,9,8,10,4,4
"309",1,6.07142857142857,7.52637866345745,6.94108974698519,5.02861418950219,5.78571428571429,0.214285714285714,2.71428571428571,2,10,2,2,3,7,6,6,3,8,5,9,8,7,9,5,6,5,3
"310",1,7.39285714285714,7.83847161262919,7.92857142857143,7.14285714285714,7.39691558441558,0.571428571428571,2.71428571428571,4,7,10,8,9,10,7,6,8,9,1,7,4,6,8,10,10,9,8
"311",1,6.78571428571429,7.89285714285714,7.85714285714286,6.92857142857143,7.35714285714286,0.5,2.71428571428571,2,6,7,7,5,7,9,8,10,5,3,8,5,6,9,7,8,2,1
"312",1,7,8.12418589834348,8.21428571428571,7.67147133235933,7.1112012987013,0.642857142857143,2.71428571428571,2,6,9,8,6,8,6,3,6,1,9,6,3,2,7,8,10,5,1
"313",1,5.57142857142857,8.28571428571429,7.71428571428571,5.85714285714286,7.57142857142857,0.0714285714285714,2.71428571428571,6,2,9,2,7,8,6,4,2,2,2,6,7,3,7,6,8,8,8
"314",1,6.39285714285714,8.14285714285714,7.42857142857143,6.31432847521648,7.19845779220779,0.357142857142857,2.71428571428571,2,2,8,2,2,8,8,8,8,2,8,7,1,8,9,7,7,2,2
"315",1,7.44217224729716,8,7.57142857142857,8.14285714285714,8.42857142857143,0.642857142857143,2.71428571428571,2,7,9,3,5,7,6,6,6,4,6,9,5,4,4,7,9,4,1
"316",1,7.92857142857143,7.83847161262919,7.71428571428571,8.45718561807362,7.55560064935065,0.642857142857143,2.71428571428571,2,7,8,1,5,10,6,10,4,3,8,4,1,10,10,8,9,1,1
"317",1,5.07142857142857,7.57142857142857,7.57142857142857,6.02861418950219,7.48417207792208,0.0714285714285714,2.71428571428571,6,7,8,4,8,6,4,5,7,7,7,7,6,7,8,5,8,7,6
"318",1,4.42857142857143,7.52637866345745,7.71428571428571,6.35714285714286,6.82548701298701,0.214285714285714,2.71428571428571,2,2,8,7,5,7,5,4,8,7,1,5,7,2,2,10,9,2,3
"319",1,5.5,7.64285714285714,7.07142857142857,5.64285714285714,7.05560064935065,0,2.71428571428571,2,2,4,1,9,9,8,4,6,3,1,10,1,5,7,2,5,2,1
"320",1,6.07142857142857,7.48132875548634,6.57142857142857,5.88575704664505,6.89691558441558,0.357142857142857,2.71428571428571,2,7,7,4,4,8,5,5,4,2,7,5,2,6,8,6,7,2,1
"321",0,6.44444444444444,6.88888888888889,6.77777777777778,6.11111111111111,6.22222222222222,0.222222222222222,3.16814502642317,4,2,8,7,7,6,6,6,9,3,6,7,2,8,8,8,8,3,1
"322",0,7.77777777777778,7.33333333333333,7.88888888888889,5.77777777777778,6.55555555555556,0.555555555555556,3.16814502642317,4,2,5,7,7,7,8,7,7,6,6,7,8,9,9,8,8,8,6
"323",0,7.11111111111111,7,7.33333333333333,7.66666666666667,6.75315656565657,0.444444444444444,3.16814502642317,2,3,8,8,6,10,8,8,9,6,9,7,8,10,8,10,10,7,7
"324",0,6.22222222222222,7.33333333333333,7.77777777777778,8.11111111111111,7,0.333333333333333,3.16814502642317,3,3,5,7,9,9,9,9,7,7,7,9,7,9,9,9,9,4,6
"325",0,4.88888888888889,7.11111111111111,8.22222222222222,6.66666666666667,6.55555555555556,0.222222222222222,3.16814502642317,1,2,2,2,3,8,8,8,2,2,6,9,6,10,8,10,10,10,8
"326",0,8.33333333333333,7.88888888888889,7.55555555555556,8.11111111111111,7.44444444444444,0.888888888888889,3.16814502642317,2,7,1,1,5,10,8,7,7,1,6,10,1,9,8,9,9,1,5
"327",0,7.33333333333333,7.55555555555556,7.77777777777778,7,6.88888888888889,0.555555555555556,3.16814502642317,2,2,8,3,10,10,10,10,10,1,5,10,7,10,10,10,10,5,10
"328",0,5,6.77777777777778,6.88888888888889,4.77777777777778,5.97537878787879,0.333333333333333,3.16814502642317,2,2,3,2,7,7,10,10,3,1,4,10,2,10,7,6,8,2,1
"329",0,7.55555555555556,7.88888888888889,7.22222222222222,7.44444444444444,7.33333333333333,0.555555555555556,3.16814502642317,4,10,8,7,7,8,5,5,2,2,9,5,7,2,8,4,9,5,2
"330",0,4.44444444444444,6,6.77777777777778,4.66666666666667,5.66666666666667,0.111111111111111,3.16814502642317,2,2,4,7,4,6,7,7,10,2,1,9,3,7,7,9,9,4,10
"331",1,5.1,8.3,8.31752564577926,7.1,6.55568181818182,0.4,2.6,4,2,7,2,8,5,10,10,7,3,7,9,5,8,10,5,9,7,1
"332",1,7.8,7.9,7.61752564577926,8.1,6.53352272727273,0.8,2.6,2,7,10,5,10,7,3,1,10,5,3,8,2,4,8,2,4,3,6
"333",1,7.3,7.9,7.21752564577926,8,6.77784090909091,0.5,2.6,4,4,9,4,9,9,8,8,5,6,8,5,5,6,6,3,5,8,5
"334",1,6.21904114621602,8.53693012884044,7.63505129155852,6.34005986530307,7.85568181818182,0.6,2.6,2,2,9,1,9,4,7,7,4,1,4,8,6,5,4,3,8,5,7
"335",1,6.1,8,7.71752564577926,7.4,6.55568181818182,0.4,2.6,3,17,5,4,4,5,8,10,4,1,1,9,4,6,10,10,10,3,4
"336",1,5.9,8.2,8.21752564577926,7.2,6.67784090909091,0.4,2.6,2,5,9,9,8,8,8,7,5,4,6,7,5,7,8,7,6,4,4
"337",1,4.8,8,7.51752564577926,5.8,7.25568181818182,0.3,2.6,6,7,4,2,7,6,8,8,8,6,6,8,4,10,10,7,7,5,10
"338",1,7,7.7,7.31752564577926,7.8,7.3,0.7,2.6,2.75718580877931,5.27779126213592,6.42523195565731,4.57549102301482,6.24581274852392,7.78382937703338,6.98578141944813,6.71454392095433,5.73707675623569,3.88119050488011,5.74599349319195,7.67851548379323,5.30413302807567,6.77611760453067,7.91962887094831,6.8254006506808,7.85106639354139,5.63128087721412,4.33919749367394
"339",1,7.61904114621602,7.73693012884044,6.53505129155852,6.84005986530307,7.03352272727273,0.7,2.6,2.75718580877931,5.27779126213592,6.42523195565731,4.57549102301482,6.24581274852392,7.78382937703338,6.98578141944813,6.71454392095433,5.73707675623569,3.88119050488011,5.74599349319195,7.67851548379323,5.30413302807567,6.77611760453067,7.91962887094831,6.8254006506808,7.85106639354139,5.63128087721412,4.33919749367394
"340",0,6.96560127357335,7.42992236537826,7.57502849531029,7.10006651700341,6.5864898989899,0.388888888888889,2.77777777777778,4,10,1,2,1,10,9,9,8,1,6,10,10,10,10,10,10,9,10
"341",0,5.96560127357335,6.81881125426715,6.79725071753251,6.21117762811452,6.47537878787879,0.166666666666667,2.77777777777778,3,2,3,4,4,10,9,10,1,1,8,7,10,8,10,1,4,10,4
"342",0,5.35449016246224,7.7632556987116,7.6861396064214,5.87784429478119,7.19760101010101,0.166666666666667,2.77777777777778,2,4,6,3,3,10,10,10,8,2,3,5,4,8,9,9,9,9,7
"343",0,6.88888888888889,7.55555555555556,7.27777777777778,7.16666666666667,7.44444444444444,0.388888888888889,2.77777777777778,3,9,9,7,5,6,7,6,4,3,9,4,4,9,9,9,9,9,5
"344",0,6.02115682912891,7.54103347648937,7.57502849531029,6.93339985033674,6.64204545454545,0.333333333333333,2.77777777777778,2,4,5,1,10,6,5,5,3,4,8,9,6,7,7,8,9,6,9
"345",0,8.27777777777778,7.88888888888889,7.88888888888889,7.44444444444444,7.55555555555556,0.777777777777778,2.77777777777778,2.75718580877931,5.27779126213592,6.42523195565731,4.57549102301482,6.24581274852392,7.78382937703338,6.98578141944813,6.71454392095433,5.73707675623569,3.88119050488011,5.74599349319195,7.67851548379323,5.30413302807567,6.77611760453067,7.91962887094831,6.8254006506808,7.85106639354139,5.63128087721412,4.33919749367394
"346",0,3.69840191036003,6.11710577028962,6.58476496518766,4.56676644217178,4.96306818181818,0.0555555555555556,2.77777777777778,1,13,1,1,2,10,3,3,1,1,8,2,5,3,8,1,7,10,1
"347",0,4.78835619234223,7.18718340491135,7.45418091432181,6.57781103627948,6.32102272727273,0.0555555555555556,2.77777777777778,4,2,3,5,1,10,10,10,2,1,9,10,7,10,7,7,7,10,5
"348",0,8.06613397012001,7.52051673824469,8.06529202543292,7.63336659183504,7.32102272727273,0.666666666666667,2.77777777777778,2,7,2,3,10,8,7,8,7,1,6,7,4,8,8,8,9,6,7
"349",0,7.66666666666667,7.61111111111111,7.77777777777778,7.27777777777778,7.11111111111111,0.722222222222222,2.77777777777778,2,4,9,2,10,9,8,8,8,7,7,9,9,9,9,9,9,5,7
"350",0,6.84391174789779,7.07607229380024,7.39862535876626,5.57781103627948,6.15435606060606,0.333333333333333,2.77777777777778,4,2,5,2,5,10,10,10,7,2,3,10,3,10,10,10,10,5,5
"351",0,5.88888888888889,7,7.94444444444444,5.27777777777778,5.5,0.222222222222222,2.77777777777778,6,6,8,5,10,10,10,10,8,4,5,5,8,9,9,10,10,7,7
"352",0,5.07671238468446,6.81881125426715,7.74169516197696,4.9889554058923,5.47537878787879,0.0555555555555556,2.77777777777778,4,2,3,4,5,8,9,9,8,8,5,6,4,9,9,8,9,8,5
"353",0,6.83333333333333,7,7.16666666666667,7.83333333333333,7.16666666666667,0.5,2.77777777777778,2,3,10,10,10,10,8,8,1,1,1,8,10,10,10,10,10,10,6
"354",0,7.17724508123112,6.79829451602246,7.39862535876626,7.02225548072393,6.70991161616162,0.611111111111111,2.77777777777778,2,3,9,1,7,8,7,7,7,1,9,9,2,9,9,9,9,9,2
"355",0,7.08965017552453,7.62909508864662,7.42096156222964,5.97807710429312,6.83364898989899,0.222222222222222,2.77777777777778,2,3,10,9,8,10,8,5,7,1,5,8,9,8,9,7,10,5,6
"356",0,7.51057841456445,7.90940562713358,7.89862535876626,6.91114436961282,6.87657828282828,0.611111111111111,2.77777777777778,4,2,2,6,10,10,10,10,8,1,7,10,6,10,8,7,7,8,1
"357",0,7.34391174789779,8.35385007157802,7.56529202543292,6.57781103627948,8.43213383838384,0.555555555555556,2.77777777777778,4,7,6,2,7,10,4,5,2,4,9,9,6,5,8,4,5,7,3
"358",0,6.21560127357335,7.45770014315604,6.85280627308807,5.43339985033674,6.64204545454545,0.277777777777778,2.77777777777778,2,9,2,1,1,7,2,2,6,8,1,10,3,7,8,8,8,1,4
"359",0,6.07671238468446,7.56155021473406,7.79725071753251,6.01121088661622,6.57417929292929,0.222222222222222,2.77777777777778,6,3,9,7,6,9,7,8,9,9,1,7,6,7,7,10,10,7,8
"360",1,4.36904114621602,6.93693012884044,6.66752564577926,4.94005986530307,6.75568181818182,0.2,3.08783263094521,2,1,3,1,3,5,9,10,3,3,4,10,6,8,9,7,7,3,2
"361",1,5.55952057310801,7.66846506442022,6.95876282288963,6.79005986530307,6.73892045454545,0.45,3.08783263094521,2,1,8,2,1,9,6,6,6,4,7,6,4,6,6,6,6,7,2
"362",1,5.15952057310801,7.21846506442022,7.60876282288963,5.87002993265153,6.63892045454545,0.25,3.08783263094521,4,7,3,3,9,10,4,5,8,6,9,7,5,5,8,7,5,8,5
"363",1,6.4,7.71846506442022,7.85,7.4,6.88892045454545,0.45,3.08783263094521,3,7,9,7,9,9,4,3,3,5,1,9,5,4,7,5,6,8,1
"364",1,6.91904114621602,7.60539519326065,7.37628846866889,7.2100897979546,7.35568181818182,0.5,3.08783263094521,2,10,7,3,3,9,9,10,8,4,8,8,1,5,7,9,10,5,5
"365",1,7.45952057310801,8.36846506442022,8.20876282288963,7.37002993265153,7.40568181818182,0.9,3.08783263094521,2,6,6,6,4,8,9,9,7,6,8,9,4,6,7,10,10,8,6
"366",1,6.51904114621602,7.58693012884044,7.96752564577926,6.94005986530307,7.01676136363636,0.6,3.08783263094521,2,13,6,7,8,8,5,5,3,4,8,5,6,3,3,7,8,7,2
"367",1,6.32856171932403,7.45539519326065,7.77628846866889,7.3600897979546,6.94460227272727,0.55,3.08783263094521,6,6,4,6,4,8,9,7,3,8,9,9,9,7,9,8,9,8,4
"368",1,6.34760286554004,7.11079038652131,7.04381411444815,7.60014966325767,6.92244318181818,0.5,3.08783263094521,2,3,2,6,2,6,7,7,7,1,1,10,3,7,5,6,8,1,1
"369",1,7.67856171932403,8.02386025768087,7.72628846866889,7.4600897979546,7.46676136363636,0.7,3.08783263094521,2,7,7,8,7,7,6,6,3,1,6,7,2,2,2,5,9,4,1
"370",1,7.3,7.26846506442022,7.3,6.89005986530307,6.97784090909091,0.5,3.08783263094521,2,9,10,7,7,3,3,3,3,3,3,4,5,3,6,10,10,1,7
"371",1,6.57856171932403,7.40539519326065,6.97628846866889,6.8100897979546,6.40568181818182,0.5,3.08783263094521,2,10,9,10,8,9,9,9,7,4,2,9,6,8,6,7,7,4,2
"372",1,8.17856171932403,7.92386025768087,7.97628846866889,7.33011973060614,7.85568181818182,0.65,3.08783263094521,3,7,7,5,8,8,7,6,3,5,9,8,2,3,4,5,9,8,2
"373",1,5.72856171932403,7.40539519326065,7.42628846866889,5.7600897979546,7.04460227272727,0.3,3.08783263094521,4,7,10,10,8,7,8,8,5,5,6,5,6,9,10,9,8,4,4
"374",1,8.20952057310801,6.91846506442022,7.00876282288963,6.72002993265153,6.66676136363636,0.55,3.08783263094521,2,1,9,8,5,8,4,4,2,2,7,5,6,5,6,3,6,7,3
"375",1,6.40952057310801,8.46846506442022,7.35876282288963,6.59005986530307,8.08892045454546,0.5,3.08783263094521,4,10,4,1,4,10,5,6,7,7,3,3,9,7,9,5,6,9,5
"376",1,5.61904114621602,7.00539519326065,6.66752564577926,5.14005986530307,6.11676136363636,0.15,3.08783263094521,4,7,7,9,6,6,3,3,1,7,8,6,8,5,8,7,8,6,2
"377",1,6.51904114621602,7.08693012884044,7.01752564577926,6.4100897979546,6.40568181818182,0.35,3.08783263094521,2,7,9,5,10,5,4,4,2,1,8,7,3,3,8,5,8,5,2
"378",0,6.28320120654318,7.67045276720046,7.07107962713606,6.5369366294259,7.60825358851675,0.526315789473684,2.21052631578947,2,7,4,4,6,7,8,8,7,2,2,6,7,7,9,6,6,3,5
"379",0,5.9573900769558,7.80891059412655,7.4302766556733,6.54739992910688,7.01764354066986,0.263157894736842,2.21052631578947,1,6,7,8,8,8,5,5,3,1,5,5,7,7,10,9,9,9,9
"380",0,6.37844270853475,6.86154217307391,6.85132928725224,6.46322091084533,6.85974880382775,0.421052631578947,2.21052631578947,2,6,5,5,5,7,8,8,6,5,6,9,6,4,8,7,8,8,7
"381",0,6.22054797169264,6.91417375202128,6.91318489029396,5.60003150805425,6.66088516746411,0.421052631578947,2.21052631578947,2,6,6,5,10,10,9,9,6,8,3,8,10,8,10,9,9,9,1
"382",0,6.32581112958738,6.70364743623181,7.74606612935751,6.65266308700161,6.47966507177034,0.578947368421053,2.21052631578947,2,7,9,7,9,9,8,8,5,1,5,6,9,4,9,8,7,7,4
"383",0,7,7.31578947368421,7.52631578947368,8.10526315789474,6.72517942583732,0.684210526315789,2.21052631578947,2,10,8,5,7,9,10,10,3,3,7,6,7,10,10,5,6,6,3
"384",0,7.05263157894737,6.84210526315789,7.84210526315789,7.21052631578947,6.54395933014354,0.526315789473684,2.21052631578947,2,2,7,5,8,10,10,10,10,6,8,9,6,10,10,8,10,9,8
"385",0,5.63157894736842,7.68421052631579,8.05263157894737,6.78947368421053,6.64922248803828,0.315789473684211,2.21052631578947,2,3,1,3,5,8,7,7,2,5,7,8,8,9,9,8,8,8,3
"386",0,8.18421052631579,7.52631578947368,7.64080297146277,7.6789788764753,7.02930622009569,0.736842105263158,2.21052631578947,2,3,5,5,8,8,6,6,4,3,8,7,7,8,8,7,7,8,2
"387",0,6.97368421052632,6.55263157894737,6.5881713925154,6.88427354242428,6.60825358851675,0.473684210526316,2.21052631578947,2,3,7,4,8,7,3,3,5,3,4,7,6,6,7,6,6,6,4
"388",0,7.53633744537685,7.75627901517918,7.27238191883119,7.78424203437004,7.26614832535885,0.894736842105263,2.21052631578947,2,1,7,8,5,8,7,7,10,2,1,10,7,8,8,10,10,7,8
"389",0,3.74686376116632,6.36154217307391,6.00922402409435,4.38950519226477,6.29246411483254,0.157894736842105,2.21052631578947,4,2,6,1,6,10,6,6,8,1,4,10,6,8,8,8,8,4,6
"390",0,6.52631578947368,7.3878579625476,6.84210526315789,6.62111564768744,6.58492822966507,0.526315789473684,2.21052631578947,2,6,8,1,6,8,6,7,9,1,9,9,1,3,5,5,5,4,2
"391",0,6,7.22996322570549,7.63157894736842,7.10526315789474,6.98833732057416,0.473684210526316,2.21052631578947,2,6,4,3,3,9,10,9,9,1,3,10,6,8,10,5,10,7,7
"392",0,5.16791639274527,7.59838427833707,7.79869770830487,6.44213677121214,6.50299043062201,0.315789473684211,2.21052631578947,2,6,3,2,3,5,9,9,4,3,4,9,6,7,8,7,7,5,4
"393",0,5.48370586642948,6.86154217307391,7.11448718198908,5.91582098173846,5.81877990430622,0.263157894736842,2.21052631578947,2,6,3,1,4,9,8,8,10,1,1,10,6,9,9,8,7,7,2
"394",0,5.68421052631579,7.05263157894737,6.89473684210526,6.28424203437004,6.56728468899522,0.263157894736842,2.21052631578947,2,6,3,4,4,10,8,8,6,1,8,9,3,10,10,7,9,7,8
"395",0,5.38846436443791,6.82834750404256,7.0184480481887,5.88427354242428,6.2808014354067,0.263157894736842,2.21052631578947,4,6,3,8,7,10,10,10,7,7,7,10,9,10,10,10,10,7,7
"396",1,5.72222222222222,7.44444444444444,7.72222222222222,5.5,7.25315656565657,0.333333333333333,2.16666666666667,2,1,9,8,8,6,7,7,6,2,6,7,5,7,8,4,7,5,1
"397",1,7.11111111111111,7.46496118268913,7.33333333333333,8.24447770294615,6.99400252525253,0.666666666666667,2.16666666666667,2,7,4,1,2,10,7,7,9,9,8,7,7,7,9,6,5,6,2
"398",1,6.58462731651563,7.38635612817972,6.96678064790783,6.45582162356919,7.15467171717172,0.333333333333333,2.16666666666667,2,7,9,2,9,9,9,9,7,3,5,9,1,6,7,8,10,3,8
"399",1,7.11111111111111,8.05555555555556,7.66666666666667,7.13336659183504,8.26546717171717,0.777777777777778,2.16666666666667,2,7,7,4,7,7,6,6,6,1,8,7,1,7,7,6,7,1,1
"400",1,6.33333333333333,8.22222222222222,8.27777777777778,6.07781103627948,7.79640151515152,0.5,2.16666666666667,2,7,10,1,4,8,8,8,8,2,5,5,1,8,8,10,10,7,3
"401",1,5.11111111111111,8.16666666666667,8.33333333333333,6.55555555555556,8.25315656565657,0.111111111111111,2.16666666666667,4,7,10,2,6,9,6,6,9,7,4,3,3,5,8,4,4,6,9
"402",1,4.88888888888889,8.02051673824469,8.16666666666667,6.07781103627948,6.96306818181818,0.166666666666667,2.16666666666667,2,7,9,8,3,7,4,3,5,3,3,5,6,5,8,3,6,2,1
"403",1,8.30555555555556,7.74273896046691,8.33333333333333,6.88888888888889,7.22853535353535,0.611111111111111,2.16666666666667,2,7,10,5,8,10,8,8,9,7,9,8,4,5,8,7,8,6,3
"404",1,5.38888888888889,8.38888888888889,8.33333333333333,6.72222222222222,8.20991161616162,0.277777777777778,2.16666666666667,1,9,6,1,6,9,8,9,2,6,8,8,6,10,9,7,9,9,5
"405",1,5.77777777777778,8.02051673824469,7.38888888888889,7.85558881405726,7.86426767676768,0.333333333333333,2.16666666666667,4,7,4,6,8,9,6,7,8,6,6,7,7,8,9,7,10,2,1
"406",1,7.11111111111111,8.11111111111111,8.77777777777778,6.88888888888889,7.36426767676768,0.722222222222222,2.16666666666667,2,6,8,4,7,9,9,9,7,4,2,9,5,7,10,9,9,7,7
"407",1,6.72222222222222,6.88888888888889,7.05555555555556,7,7.22222222222222,0.5,2.16666666666667,3,9,7,7,9,8,9,8,3,5,1,6,2,4,8,6,10,2,1
"408",1,6.83333333333333,7.87436680982271,8.3430698032107,7.3000332585017,7.21622474747475,0.611111111111111,2.16666666666667,2,2,10,4,1,4,7,8,10,2,8,7,2,6,8,10,10,5,2
"409",1,7.22222222222222,8.11111111111111,8.05555555555556,7.57781103627948,7.28409090909091,0.722222222222222,2.16666666666667,2,7,10,8,5,8,1,1,8,10,1,8,2,2,4,4,5,1,1
"410",1,7.02777777777778,8,7.77777777777778,7.83333333333333,8.01862373737374,0.5,2.16666666666667,2,7,7,6,6,7,7,6,3,3,1,8,1,7,6,7,10,8,3
"411",1,5.72222222222222,7.61111111111111,7.44444444444444,6.68892214739059,7.33964646464646,0.333333333333333,2.16666666666667,2,7,10,10,10,5,8,8,0,7,3,8,6,5,5,8,8,4,4
"412",1,6.88888888888889,7.94444444444444,8.05555555555556,7,7.46306818181818,0.611111111111111,2.16666666666667,2,8,6,7,5,7,5,3,5,5,4,6,8,6,9,6,6,7,0
"413",1,6.4550228590089,7.7632556987116,7.45418091432181,6.07781103627948,7.76546717171717,0.444444444444444,2.16666666666667,2,7,10,5,9,5,0,0,5,5,0,8,7,0,0,0,1,2,0
"414",1,4.18782349579558,5.15214458760048,4.85280627308807,4.15562207255896,5.36426767676768,0.0555555555555556,2.16666666666667,2,7,1,1,6,6,7,5,1,1,3,10,1,6,6,3,7,1,1
"415",0,7.25,7.625,7.625,7.625,7.5,0.875,2.5,3,3,4,1,8,8,7,6,6,1,8,7,8,5,7,5,10,4,3
"416",0,5.25,7.375,8,6,6.375,0.125,2.5,2,3,6,1,4,5,8,8,8,3,5,7,2,6,7,7,6,3,8
"417",0,6.75,8.125,7.875,7.25,7.22230113636364,0.625,2.5,4,1,2,2,5,9,7,8,6,5,6,10,8,8,10,7,9,7,7
"418",0,6.27380143277002,8.04616266105054,8.14690705722408,6.30007483162884,7.34730113636364,0.125,2.5,2,11,6,2,5,8,5,6,5,2,9,9,8,9,9,6,6,4,7
"419",0,7.5,7.875,7.625,7.75,7.125,0.875,2.5,2,11,8,4,5,10,8,8,7,4,3,9,7,8,7,4,5,6,4
"420",0,6.875,7,6.875,6.125,6.22230113636364,0.5,2.5,4,11,1,1,1,8,5,5,1,5,5,5,8,10,10,5,10,10,5
"421",1,6.5,7.5,8,7.33333333333333,7.83333333333333,0.833333333333333,2.83333333333333,2,7,7,2,8,9,9,9,10,2,4,7,5,9,8,6,6,7,9
"422",1,6.16666666666667,7.33333333333333,7.33333333333333,5.83333333333333,7.16666666666667,0.333333333333333,2.83333333333333,2,7,9,2,9,8,7,7,7,6,5,9,5,5,8,7,5,5,4
"423",1,5.16666666666667,7.83333333333333,8,6,6.83333333333333,0.5,2.83333333333333,4,2,7,7,7,7,5,5,6,7,5,5,7,5,8,5,7,8,5
"424",1,3.41666666666667,7.41666666666667,6.33333333333333,4.16666666666667,7.83333333333333,0,2.83333333333333,2,7,7,8,8,8,7,6,5,2,7,5,5,6,7,5,7,2,2
"425",1,3.5,6.66666666666667,4.16666666666667,4.83333333333333,7.83333333333333,0.166666666666667,2.83333333333333,2,13,7,2,7,8,6,4,3,2,6,5,3,7,6,6,6,4,2
"426",1,5.66666666666667,7,7.33333333333333,4.83333333333333,6.33333333333333,0.166666666666667,2.83333333333333,2,15,10,1,10,8,7,7,9,1,3,8,1,4,5,7,10,1,10
"427",1,6,8.33333333333333,7.5,6.83333333333333,8.66666666666667,0.666666666666667,2.83333333333333,4,7,6,5,5,9,6,7,6,5,6,7,5,6,7,5,7,7,3
"428",1,6.83333333333333,6.83333333333333,6.66666666666667,5.83333333333333,7.83333333333333,0.5,2.83333333333333,2,7,7,8,8,9,8,8,8,6,7,9,8,8,8,8,8,7,6
"429",0,6.14285714285714,6.5,7.07142857142857,5.92857142857143,5.64285714285714,0.642857142857143,3,4,2,10,10,10,6,3,2,4,2,4,4,8,9,9,8,8,5,4
"430",0,5.78571428571429,6.42857142857143,5.78571428571429,4.5,7.14285714285714,0.5,3,4,7,10,9,7,10,10,10,10,5,4,10,7,7,5,8,10,10,3
"431",0,6.57142857142857,7.5,7.78571428571429,6.5,5.78571428571429,0.5,3,2,11,2,2,2,10,10,10,7,1,6,6,4,9,8,8,7,5,5
"432",0,5.14285714285714,6.78571428571429,6.92857142857143,6.71428571428571,5.92857142857143,0.428571428571429,3,6,6,3,3,8,8,8,8,8,1,6,7,5,7,8,5,5,5,3
"433",0,7.14285714285714,7.07142857142857,7.42857142857143,6.35714285714286,5.64285714285714,0.785714285714286,3,2,15,4,2,9,6,3,3,3,2,7,2,6,2,2,4,7,8,4
"434",0,5.64285714285714,6.21428571428571,5.92857142857143,6.57142857142857,6.64285714285714,0.285714285714286,3,1,1,5,5,6,9,8,8,3,2,9,9,1,8,7,9,9,10,10
"435",0,7.28571428571429,7,6.28571428571429,7.5,7.35714285714286,0.5,3,2,1,8,5,9,10,8,7,8,5,1,9,10,8,10,6,10,10,4
"436",0,5.92857142857143,6.35714285714286,6.92857142857143,6,5.07142857142857,0.285714285714286,3,2,11,6,7,7,8,9,9,8,5,6,9,7,10,10,10,10,5,6
"437",0,6.5,6.95495009202888,7,6.64285714285714,6.05560064935065,0.714285714285714,3,2,11,3,1,8,9,5,5,8,4,7,6,5,7,9,10,9,8,3
"438",0,7.42857142857143,6.92857142857143,5.92857142857143,6,5.5,0.642857142857143,3,2,2,8,4,8,9,8,9,6,1,7,9,6,4,9,9,9,6,6
"439",1,8.4,8.8,8,8.1,8.2,0.5,2.7,2,1,10,10,10,10,7,7,7,3,1,3,5,5,10,8,10,8,5
"440",1,6.6,7.4,7,7.4,7.4,0.5,2.7,2,1,6,1,6,7,7,8,7,14,9,9,8,9,10,10,10,7,2
"441",1,6.1,8.1,7.9,6.1,7.7,0.4,2.7,2,1,7,1,7,5,1,1,7,1,8,6,1,1,5,3,5,2,1
"442",1,6.3,8.3,7.8,7.54005986530307,8.2,0.2,2.7,3,9,9,5,7,8,5,5,5,3,7,6,1,6,7,8,8,4,5
"443",1,8.4,7.9,7,7.5,8.3,0.5,2.7,2,7,8,8,9,2,6,8,6,2,5,2,7,1,10,3,5,5,6
"444",1,6.5,7.6,7,6.9,7.5,0.4,2.7,2,9,9,6,8,8,5,3,9,5,9,10,5,4,10,8,9,5,1
"445",1,6.1,7.8,7.3,5.8,7,0.5,2.7,3,7,9,2,9,8,8,7,6,3,6,6,5,6,6,5,8,3,3
"446",1,7.1,8.4,8.1,6.9,8.4,0.3,2.7,4,7,7,5,6,8,3,2,6,2,5,6,3,4,8,4,9,2,4
"447",1,7.9,7.9,6.3,7.9,8.6,0.6,2.7,2,7,3,2,4,9,8,9,3,5,9,7,3,6,7,6,10,6,5
"448",1,7.7,8.3,7.4,7.7,8.3,0.3,2.7,6,1,8,2,6,8,7,5,5,3,1,9,7,6,9,2,6,4,1
"449",1,5.6,8.2,7.3,7,7.9,0.3,2.7,2,9,7,3,9,9,9,9,9,9,3,5,7,9,10,9,10,5,10
"450",1,2.8,8.3,7.3,4.8,8.1,0,2.7,4,7,3,3,2,4,4,3,3,4,3,6,7,5,7,7,8,6,6
"451",1,4.2,8.2,7.2,7,8,0.1,2.7,4,7,9,6,8,7,8,7,8,7,9,8,7,8,9,8,10,5,3
"452",1,3.7,8.53693012884044,8.41752564577926,5.04005986530307,7.87784090909091,0.1,2.7,4,1,6,3,5,6,6,5,6,5,3,6,6,4,7,6,5,4,1
"453",0,5.83333333333333,6.72821688140073,7.36254274296543,6.56676644217178,6.29640151515152,0.5,3.66666666666667,2,2,5,8,5,9,9,9,7,1,4,9,4,9,9,8,8,4,9
"454",0,5.5,7.56155021473406,7.83333333333333,6.56676644217178,6.62973484848485,0.166666666666667,3.66666666666667,4,2,3,5,3,10,10,7,7,1,8,10,4,8,9,8,9,9,7
"455",0,7.5,6.89488354806739,6.36254274296543,6.90009977550511,7.5,1,3.66666666666667,4,7,1,1,8,8,7,7,6,2,8,8,4,7,7,6,6,8,8
"456",0,5.66666666666667,6.89488354806739,7.66666666666667,7.06676644217178,5.29640151515152,0.166666666666667,3.66666666666667,4,6,1,2,1,8,9,9,10,1,1,10,4,7,3,10,8,1,1
"457",0,6.16666666666667,7.22821688140073,6.5292094096321,6.56676644217178,8,0.333333333333333,3.66666666666667,4,7,9,1,6,10,8,6,9,3,6,9,7,8,8,4,1,10,9
"458",0,7.16666666666667,7.06155021473406,6.86254274296543,6.56676644217178,7.5,0.666666666666667,3.66666666666667,4,7,1,3,1,9,8,9,1,1,6,4,6,8,8,8,8,8,1
"459",1,7,8,8.5,6.83333333333333,6.66666666666667,0.833333333333333,3.66666666666667,2,2,9,7,10,10,10,10,8,1,7,9,10,6,9,10,10,1,5
"460",1,4.5,7,6.83333333333333,5.66666666666667,7,0.166666666666667,3.66666666666667,6,4,9,8,9,9,7,7,9,8,6,2,2,7,6,6,6,4,4
"461",1,4.16666666666667,6.83333333333333,8.33333333333333,4.66666666666667,6.83333333333333,0.166666666666667,3.66666666666667,4,2,8,7,5,2,6,6,1,2,7,3,8,5,7,6,9,2,2
"462",1,5.83333333333333,8.33333333333333,8.33333333333333,6.5,7.33333333333333,0.5,3.66666666666667,4,10,5,4,7,5,4,3,3,5,4,5,4,4,4,4,7,3,1
"463",1,7,8.16666666666667,7.16666666666667,7.83333333333333,7.66666666666667,0.666666666666667,3.66666666666667,4,7,10,9,6,7,3,3,5,5,9,3,4,6,7,7,7,2,1
"464",1,5.16666666666667,5.5,6.16666666666667,6,4.29640151515152,0.166666666666667,3.66666666666667,2,6,4,8,1,3,8,8,4,1,4,9,2,1,3,10,10,1,1
"465",0,7.73333333333333,8.06666666666667,7.6,7.73333333333333,7.25189393939394,0.666666666666667,3.13333333333333,2,10,4,2,9,8,5,6,4,3,2,8,5,5,7,6,8,4,2
"466",0,8.33333333333333,7.8,7.4,7.2,7.77045454545455,0.666666666666667,3.13333333333333,2,7,8,4,9,9,9,9,8,5,8,9,8,9,9,9,9,9,9
"467",0,8.33333333333333,8.46666666666667,7.93333333333333,7.8,8,0.666666666666667,3.13333333333333,6,2,8,3,7,7,7,8,8,2,6,8,7,5,9,9,9,7,6
"468",0,8,7.86666666666667,7.66666666666667,7.26666666666667,6.91856060606061,0.733333333333333,3.13333333333333,4,9,10,7,7,7,7,7,3,3,4,7,9,7,7,7,8,6,9
"469",0,8.06666666666667,8.53333333333333,7.4,7.53333333333333,8.2,0.733333333333333,3.13333333333333,4,4,1,1,1,10,10,10,2,1,3,10,5,10,10,6,6,10,1
"470",0,6.26666666666667,7.93333333333333,7.46666666666667,6.86666666666667,7.58522727272727,0.466666666666667,3.13333333333333,4,4,3,4,6,10,7,7,5,2,9,7,8,6,8,6,6,10,4
"471",0,7.2,7.93333333333333,7.66666666666667,6.66666666666667,7,0.466666666666667,3.13333333333333,3,5,10,6,7,9,9,8,9,1,7,8,1,10,10,10,10,5,9
"472",0,5.93333333333333,7.6,7.26666666666667,5.13333333333333,6.66666666666667,0.0666666666666667,3.13333333333333,4,2,7,5,5,8,8,8,8,6,6,9,8,8,9,9,9,7,7
"473",0,7.93333333333333,8.2,7.93333333333333,8.13333333333333,7.71856060606061,0.8,3.13333333333333,1,2,10,2,10,10,7,7,9,2,9,8,1,4,3,7,10,6,9
"474",0,7.06666666666667,7.73333333333333,7.66666666666667,7.6,6.91856060606061,0.533333333333333,3.13333333333333,3,9,1,1,6,10,6,5,2,0,5,4,4,9,8,3,5,6,9
"475",0,7.07936076414401,7.29128675256029,8.14501709718617,7.09337324353538,6.83712121212121,0.333333333333333,3.13333333333333,2,9,4,1,7,9,5,5,4,1,7,3,3,3,3,3,7,6,3
"476",0,6.33333333333333,8.2,7.86666666666667,6.46666666666667,6.57045454545455,0.266666666666667,3.13333333333333,3,5,9,6,7,8,6,8,8,4,7,7,4,7,8,7,7,6,4
"477",0,8,8.26666666666667,7.8,7.73333333333333,8.4,0.733333333333333,3.13333333333333,2,7,9,7,9,7,7,9,9,3,3,8,4,7,9,8,9,4,6
"478",0,7.66666666666667,8.13333333333333,7.46666666666667,6.73333333333333,7.51856060606061,0.533333333333333,3.13333333333333,2,7,10,7,10,9,8,7,9,1,7,5,4,7,7,7,7,7,7
"479",0,7.74602743081068,8.22462008589362,8.07835043051951,7.76003991020205,7.38522727272727,0.533333333333333,3.13333333333333,2,5,7,1,8,9,9,9,3,1,6,10,3,3,4,4,4,5,7
"480",1,6.4,6.5,6.73333333333333,5.13333333333333,5.33333333333333,0.133333333333333,2.93333333333333,2,2,3,3,7,9,8,7,1,2,5,8,2,7,10,10,10,6,1
"481",1,5.4,7.26666666666667,6.8,6.73333333333333,7.68901515151515,0.6,2.93333333333333,2,7,9,7,5,9,6,5,8,2,5,9,6,7,7,2,4,4,3
"482",1,5.86666666666667,6.46666666666667,5.86666666666667,7,6.06666666666667,0.333333333333333,2.93333333333333,2,2,10,1,10,10,10,10,5,1,1,10,5,10,10,10,10,10,5
"483",1,4.41269409747735,8.02462008589362,7.34501709718617,4.42670657686871,6.65189393939394,0.133333333333333,2.93333333333333,4,15,7,3,5,9,9,9,9,3,7,9,1,9,9,9,9,2,7
"484",1,4.26666666666667,6,6,4.53333333333333,4.85189393939394,0.133333333333333,2.93333333333333,1,2,6,10,9,7,7,7,4,6,6,9,8,8,8,7,8,7,4
"485",1,5.53333333333333,7.95795341922696,7.4,5.73333333333333,7.33333333333333,0.4,2.93333333333333,3,4,7,1,3,10,8,6,4,1,9,8,1,7,10,5,8,2,2
"486",1,3.66666666666667,7.53333333333333,6.87835043051951,3.66666666666667,5.18522727272727,0.0666666666666667,2.93333333333333,4,2,4,4,2,8,5,3,2,5,2,7,8,5,9,6,10,6,2
"487",1,4.93333333333333,6.66666666666667,6,5.93333333333333,6.73333333333333,0.266666666666667,2.93333333333333,4,7,3,3,3,9,5,1,1,1,8,8,8,8,8,8,8,8,3
"488",1,7.46666666666667,7,6.86666666666667,7.13333333333333,6.91856060606061,0.733333333333333,2.93333333333333,2,7,7,7,7,9,9,9,6,9,9,6,6,9,9,9,7,6,5
"489",1,4.02538819495469,7.02462008589362,6.41168376385284,5.96003991020205,6.37045454545455,0.133333333333333,2.93333333333333,2,6,3,1,2,7,7,7,6,2,5,9,9,8,10,9,8,7,4
"490",1,7.66666666666667,7.8,6.73333333333333,7.6,7.6,0.8,2.93333333333333,3,7,9,2,9,9,9,8,9,7,9,8,2,7,8,8,9,9,6
"491",1,7.33333333333333,7.86666666666667,7.26666666666667,7.4,7,0.666666666666667,2.93333333333333,6,2,10,10,10,10,10,10,10,2,4,10,7,5,5,2,5,10,10
"492",1,7.21269409747735,7.09128675256029,7.54501709718617,7.22670657686871,7.10378787878788,0.6,2.93333333333333,4,13,10,10,7,7,4,4,3,3,6,7,10,8,8,7,7,10,6
"493",1,5.73333333333333,7.53333333333333,7.13333333333333,6.73333333333333,6.45189393939394,0.466666666666667,2.93333333333333,2,6,8,10,4,10,10,10,1,1,4,8,6,9,10,7,8,9,10
"494",1,4.8,6.4,5.53333333333333,7.02670657686871,5.2,0.2,2.93333333333333,6,6,7,5,6,7,5,6,7,7,6,5,6,7,7,6,5,5,6
"495",0,7,8.28571428571429,8.28571428571429,6.48579980757581,6.65097402597403,0.857142857142857,3.42857142857143,4,2,8,1,8,7,7,7,8,1,1,7,3,3,3,5,5,5,5
"496",0,6.42857142857143,7.28571428571429,7.14285714285714,6.85714285714286,7,0.428571428571429,3.42857142857143,2,2,7,5,1,8,7,6,7,3,1,7,8,6,9,9,8,8,7
"497",0,6.85714285714286,7.85714285714286,7.42857142857143,6.57142857142857,6.82548701298701,0.714285714285714,3.42857142857143,2,2,3,1,5,7,3,3,6,6,9,8,9,6,8,8,8,3,1
"498",0,5.71428571428571,8,7.71428571428571,6.42857142857143,6.85714285714286,0.428571428571429,3.42857142857143,2,2,1,1,1,9,9,9,2,1,8,9,6,8,10,10,10,5,1
"499",0,5.85714285714286,7.71428571428571,8.14285714285714,6.62865695043295,7.39691558441558,0.857142857142857,3.42857142857143,1,2,4,2,6,7,7,7,2,2,7,8,5,7,8,8,8,6,5
"500",0,6.71428571428571,7.14285714285714,7.57142857142857,7.28571428571429,6.82548701298701,0.571428571428571,3.42857142857143,2,2,5,4,8,8,9,9,6,1,3,9,7,9,9,9,10,7,6
"501",1,3.83333333333333,6.66666666666667,8,7.66666666666667,7.33333333333333,0,2.16666666666667,4,7,8,8,9,6,5,5,10,9,8,7,8,6,9,5,8,3,4
"502",1,2.33333333333333,7.83333333333333,5.66666666666667,5.16666666666667,7.33333333333333,0,2.16666666666667,2,2,2,4,4,8,8,8,7,5,2,6,5,7,8,9,9,7,7
"503",1,6.5,7.5,7,6.33333333333333,6.83333333333333,0.333333333333333,2.16666666666667,2,7,1,1,2,4,4,4,8,1,3,6,1,5,6,7,7,3,1
"504",1,6.5,7.33333333333333,7.19587607629877,5.5,7.12973484848485,0.166666666666667,2.16666666666667,4,6,10,6,10,5,10,10,9,7,1,10,10,10,10,10,10,10,10
"505",1,4.66666666666667,7.83333333333333,7.0292094096321,3.66666666666667,7.83333333333333,0,2.16666666666667,4,7,6,4,6,7,7,7,8,2,4,9,2,5,5,5,5,2,1
"506",1,6,7.83333333333333,8,7.66666666666667,6.83333333333333,0.666666666666667,2.16666666666667,4,2,10,9,10,9,9,8,7,4,5,8,5,7,6,6,8,3,2
"507",1,5.83333333333333,6.83333333333333,5.66666666666667,5.33333333333333,6.5,0.166666666666667,2.16666666666667,4,10,10,4,7,6,4,4,4,9,7,10,3,5,4,7,10,4,8
"508",0,5.38094649656002,7.12448193530949,6.79662588060808,6.03641805936643,6.97985537190083,0.454545454545455,2.77272727272727,4,16,6,3,6,7,7,7,3,3,4,6,4,4,8,5,7,7,7
"509",0,7.51731013292365,7.66993648076403,7.42502331434478,7.12732715027552,6.42432851239669,0.636363636363636,2.77272727272727,3,2,8,1,4,10,8,7,10,5,7,9,1,3,9,7,5,1,7
"510",0,6.09956415737092,7.56224096765474,7.23523892989966,5.56366357513776,6.88894628099174,0.181818181818182,2.77272727272727,4,7,6,5,5,7,8,10,10,3,9,8,5,8,9,9,10,7,8
"511",0,7.54327533230913,6.62938665645554,6.94892192222559,6.50013605750697,6.62138429752066,0.409090909090909,2.77272727272727,2,6,1,1,1,8,9,10,8,0,9,9,6,10,9,7,10,5,5
"512",0,7.69912831474183,6.80630011712767,6.56138695070842,7.62732715027552,6.66167355371901,0.681818181818182,2.77272727272727,2,6,1,1,9,9,9,9,1,0,8,9,8,9,10,6,8,6,6
"513",0,4.73592779373455,6.78951369492747,6.8716025662633,6.51820902968321,6.5808367768595,0.181818181818182,2.77272727272727,2,2,5,3,7,7,8,10,2,2,1,8,6,10,8,9,10,6,7
"514",0,6.96320052100728,6.83496824038202,6.60684149616296,6.24548175695594,5.96978305785124,0.409090909090909,2.77272727272727,2,16,10,10,8,9,9,8,10,3,8,9,8,9,10,7,10,5,9
"515",0,7.19047324828001,6.83496824038202,6.00796620262694,6.65457266604685,6.70712809917355,0.545454545454545,2.77272727272727,4,2,3,3,6,10,9,9,5,5,8,9,6,9,4,9,9,9,3
"516",0,5.95236624140004,6.53847756554645,6.72164919495287,6.09104514841606,5.90418388429752,0.272727272727273,2.77272727272727,3,6,2,1,9,9,6,8,4,1,2,9,3,10,8,4,4,3,9
"517",0,7.04545454545455,6.81818181818182,7.36363636363636,7.36363636363636,6.5808367768595,0.636363636363636,2.77272727272727,2,6,4,2,5,8,6,7,5,5,9,9,8,8,8,6,8,9,4
"518",0,5.97185558746911,7.07902738985494,7.10684149616296,5.94550896845734,6.15160123966942,0.318181818181818,2.77272727272727,2,13,9,5,9,5,8,7,7,2,3,9,4,7,8,7,8,2,2
"519",0,5.00865506646183,7.42587733129111,7.41705711171785,6.53641805936643,6.43440082644628,0.181818181818182,2.77272727272727,6,9,4,6,8,8,10,8,5,2,9,10,8,9,8,5,5,8,2
"520",0,6.13636363636364,7.36363636363636,7.40909090909091,6.36363636363636,6.0808367768595,0.5,2.77272727272727,2,9,7,7,8,8,8,8,10,7,5,8,6,7,8,8,8,6,6
"521",0,6.40909090909091,7.54545454545455,6.86363636363636,6.45454545454545,7.31818181818182,0.545454545454545,2.77272727272727,2,1,6,6,6,7,8,9,3,3,7,9,8,10,10,7,7,5,3
"522",0,4.09090909090909,6.63636363636364,6.95454545454545,5.77272727272727,5.89901859504132,0.0909090909090909,2.77272727272727,4,10,8,1,5,9,4,3,6,7,8,13,5,2,7,8,9,3,1
"523",0,6.96320052100728,7.83496824038202,7.69775058707206,7.65457266604685,6.96978305785124,0.636363636363636,2.77272727272727,4,4,4,1,7,9,8,8,6,3,8,7,7,8,8,5,5,7,5
"524",0,4.59956415737092,6.42587733129111,6.69775058707206,5.74548175695594,5.60614669421488,0,2.77272727272727,2,3,6,2,8,6,5,5,3,2,1,8,8,9,10,7,8,8,1
"525",0,4.69912831474183,6.47133187674565,6.91705711171785,6.47275448422867,5.66167355371901,0.136363636363636,2.77272727272727,3,11,2,1,3,10,10,7,6,5,10,8,4,10,8,6,8,4,10
"526",0,4.96320052100728,6.5167864222002,6.32614802080875,5.51820902968321,5.44447314049587,0.136363636363636,2.77272727272727,6,11,5,5,1,8,7,7,6,2,7,6,6,8,7,8,8,7,6
"527",0,5.51731013292365,6.98811829894585,7.06138695070842,7.03641805936643,6.60614669421488,0.227272727272727,2.77272727272727,3,11,5,8,4,2,2,2,8,6,2,2,2,3,7,3,3,2,2
"528",0,4.19047324828001,7.38042278583656,7.68978438444512,5.24548175695594,6.43440082644628,0.136363636363636,2.77272727272727,4,5,7,4,6,10,8,8,8,6,5,5,5,8,8,8,8,4,4
"529",0,4.23592779373455,7.5167864222002,7.82614802080875,5.20002721150139,6.47985537190083,0.136363636363636,2.77272727272727,4,10,7,10,5,6,3,8,6,7,6,3,5,8,10,9,10,6,3
"530",1,4.45454545454545,7.86363636363636,7.04545454545455,5.27272727272727,6.77272727272727,0.318181818181818,3.18181818181818,4,2,10,10,6,6,10,10,10,6,6,6,10,10,10,8,10,1,6
"531",1,3.87229143009819,7.38042278583656,7.55342074808148,3.74548175695594,6.35356404958678,0.181818181818182,3.18181818181818,4,5,7,8,6,8,6,4,4,8,6,9,7,6,8,6,7,5,2
"532",1,5.73592779373455,6.33496824038202,6.00796620262694,5.24548175695594,5.80810950413223,0.318181818181818,3.18181818181818,2,2,7,3,5,7,5,5,7,2,5,3,1,5,7,6,7,2,2
"533",1,5.45454545454545,6.68181818181818,6.27272727272727,5.63636363636364,6.31818181818182,0.318181818181818,3.18181818181818,6,5,7,9,3,9,9,8,6,7,7,7,3,6,7,8,7,4,1
"534",1,6,7.77272727272727,6.18181818181818,6.45454545454545,6.84349173553719,0.681818181818182,3.18181818181818,2,2,4,3,4,7,7,6,2,8,8,8,6,6,9,8,9,5,6
"535",1,6.5627646783782,6.57902738985494,6.37956876889024,6.418263452686,6.51523760330578,0.454545454545455,3.18181818181818,2,7,7,3,5,8,7,7,3,2,7,8,6,4,9,7,9,7,1
"536",1,6.00865506646183,6.83496824038202,5.96251165717239,6.49096351391188,6.46978305785124,0.545454545454545,3.18181818181818,4,1,6,6,7,10,8,8,3,3,6,10,8,10,10,10,10,10,1
"537",1,5.69912831474183,6.89720920803676,6.28865967798115,7.25465430055103,6.74767561983471,0.545454545454545,3.18181818181818,2,7,8,2,8,8,8,8,8,8,6,8,5,4,6,3,6,6,6
"538",1,5.05410961191637,6.78951369492747,5.64432983899057,6.38184539331958,6.66167355371901,0.363636363636364,3.18181818181818,2,1,8,9,8,9,9,9,4,6,8,8,6,7,9,7,7,7,6
"539",1,4.38094649656002,6.44266375349131,6.78865967798115,5.67278169573006,6.06069214876033,0.227272727272727,3.18181818181818,2,2,6,4,4,5,7,8,8,9,6,7,4,9,9,9,9,6,3
"540",1,4.65367376928729,7.0335728444004,6.78865967798115,4.90005442300279,6.34349173553719,0.272727272727273,3.18181818181818,4,7,10,10,7,8,3,5,4,3,8,3,10,5,10,10,9,9,3
"541",1,5.09956415737092,6.42587733129111,5.96251165717239,5.24548175695594,6.64152892561984,0.272727272727273,3.18181818181818,4,7,4,7,6,10,9,8,1,8,8,9,8,8,9,9,8,9,6
"542",1,5.24458286019638,6.85175466258221,6.51593240525387,5.85459987754824,6.15160123966942,0.272727272727273,3.18181818181818,4,5,8,8,5,8,8,5,5,9,8,8,8,6,8,8,8,8,3
"543",1,5.01731013292365,6.66993648076403,6.33411422343569,5.76369078663915,5.8334194214876,0.363636363636364,3.18181818181818,4,4,3,4,3,10,7,8,5,14,9,2,10,7,8,8,9,10,3
"544",1,6.07789559815644,6.60562325434724,6.61715036909698,6.20933581260346,6.35382231404959,0.318181818181818,3.18181818181818,2,4,10,2,2,5,5,4,7,5,4,7,4,3,4,5,5,2,1
"545",1,7.32683688464364,7.38042278583656,6.41705711171785,7.01820902968321,6.52530991735537,0.545454545454545,3.18181818181818,2,7,10,5,8,10,4,3,5,1,1,2,4,3,6,3,9,10,6
"546",1,6.31818181818182,7.04545454545455,6.18181818181818,6.04545454545455,6.27272727272727,0.5,3.18181818181818,2,7,9,6,9,7,8,8,2,2,8,9,4,9,8,9,9,6,5
"547",1,6.82683688464364,6.69860460401838,5.8716025662633,5.74548175695594,6.20712809917355,0.454545454545455,3.18181818181818,2,7,10,8,4,10,3,2,2,5,1,9,6,4,6,7,10,4,1
"548",1,6.33549195110547,6.89720920803676,6.69775058707206,6.62732715027552,6.17691115702479,0.454545454545455,3.18181818181818,2,7,8,5,6,9,7,7,4,8,8,7,7,8,8,10,10,8,2
"549",1,5.13636363636364,6.5,5.81818181818182,5.27272727272727,6.36363636363636,0.272727272727273,3.18181818181818,2,7,5,3,5,9,7,8,3,3,8,8,3,7,7,4,6,6,3
"550",1,6.14501870282546,6.78951369492747,6.68978438444512,5.6091181205923,6.26265495867769,0.454545454545455,3.18181818181818,1,7,6,1,7,6,7,3,2,1,7,10,2,5,6,7,7,7,1
"551",1,7.19912831474183,6.32308653932787,5.97047785979933,5.8091453320937,6.20712809917355,0.681818181818182,3.18181818181818,2,15,8,2,5,10,10,10,7,1,9,8,3,7,9,10,10,7,3
