"","iid","gender","attr_o","intel_o","sinc_o","fun_o","amb_o","dec_o","race_o","race","career_c","sports","tvsports","exercise","dining","museums","art","hiking","gaming","clubbing","reading","tv","theater","movies","concerts","music","shopping","yoga"
"1",1,0,6.7,8,7.4,7.2,8,0.5,2.3,4,NA,9,2,8,9,1,1,5,1,5,6,9,1,10,10,9,8,1
"2",2,0,7.7,7.9,7.1,7.5,7.5,0.6,2.3,2,NA,3,2,7,10,8,6,3,5,8,10,1,9,8,7,8,3,1
"3",3,0,6.5,7.3,7.1,6.2,NA,0.5,2.3,2,NA,3,8,7,8,5,5,8,4,5,7,8,7,7,7,5,8,7
"4",4,0,7,7.7,7.1,7.5,7.7,0.6,2.3,2,1,1,1,6,7,6,7,7,5,7,7,7,9,7,8,7,1,8
"5",5,0,5.3,7.6,7.7,7.2,7.8,0.3,2.3,2,1,7,4,7,7,6,8,6,6,8,6,8,6,6,3,7,8,3
"6",6,0,6.8,8.6,7.8,7,8,0.5,2.3,4,1,10,8,9,7,8,7,9,2,6,9,2,5,6,6,4,1,1
"7",7,0,7.9,8.2,7.6,7,7.5,0.7,2.3,4,1,5,3,4,10,10,10,2,3,8,8,8,10,10,10,10,10,10
"8",8,0,8.2,8.1,7.8,7.9,NA,0.8,2.3,2,6,2,2,1,10,9,9,3,2,10,8,10,9,9,6,6,8,6
"9",9,0,7,7.5,7.4,7.8,6.9,0.7,2.3,6,9,4,3,1,8,6,7,2,2,10,8,8,10,10,9,9,8,3
"10",10,0,NA,6.4,7,6.4,6.2,0.4,2.3,2,9,9,9,9,7,6,6,7,1,7,8,5,6,7,7,8,7,7
"11",11,1,5.6,8.2,8.8,5.4,6.4,0.4,3,2,2,8,7,2,6,7,5,5,5,4,9,2,4,8,7,8,5,1
"12",12,1,7.1,7.1,6.6,6.7,6.9,0.4,3,2,1,9,7,9,8,7,6,3,3,5,6,6,4,7,7,9,5,5
"13",13,1,4.8,8.8,7.9,7,5.9,0.4,3,4,1,7,8,2,9,5,6,4,7,7,6,8,10,8,9,9,8,1
"14",14,1,8.2,7.4,7.6,7.6,6.6,0.8,3,2,1,10,6,8,8,3,3,10,8,8,6,7,3,10,6,8,6,1
"15",15,1,5.7,7.7,7.6,7.2,6.5,0.3,3,3,1,9,7,9,7,4,3,6,7,9,8,6,9,9,6,7,2,1
"16",16,1,5.6,7.6,8.4,4.4,6,0.3,3,2,7,7,2,6,7,7,7,5,5,5,8,3,7,8,7,8,6,1
"17",17,1,6.7,8.5,7.6,6.1,6.7,0.8,3,2,2,8,2,9,7,7,5,4,2,6,4,2,7,9,7,7,2,2
"18",18,1,5.1,7.7,7.4,5.2,7.5,0.3,3,2,7,5,5,5,9,4,3,4,4,2,6,9,3,9,3,6,2,1
"19",19,1,7.7,7.7,6.8,8.5,7.1,0.9,3,2,7,10,10,10,10,5,5,6,7,9,8,1,1,7,7,7,7,10
"20",20,1,7.5,7.9,7.3,8.2,8.4,0.9,3,2,7,10,10,10,10,9,9,4,10,10,8,3,8,8,6,6,5,10
"21",21,0,5.0625,7.75,7.3125,NA,NA,0.1875,2.375,4,10,10,8,10,5,5,5,2,1,3,7,10,4,7,4,8,5,2
"22",22,0,NA,6.5,6.625,5.5,NA,0.1875,2.375,1,5,1,2,2,8,8,8,1,2,6,8,8,8,9,7,7,8,8
"23",23,0,5.9375,6.9375,NA,6.25,NA,0.375,2.375,4,3,2,2,3,9,7,6,6,7,7,10,9,10,10,10,10,10,3
"24",24,0,6.5,NA,NA,6.625,NA,0.5,2.375,2,9,10,1,10,9,6,6,10,6,3,6,1,6,9,8,8,6,7
"25",25,0,7.6875,NA,NA,NA,NA,0.875,2.375,2,9,7,4,7,7,6,3,5,6,8,9,9,7,10,6,8,8,4
"26",26,0,7.625,NA,NA,NA,NA,0.9375,2.375,2,9,9,4,9,7,7,4,6,5,7,5,3,9,9,6,4,5,1
"27",27,0,8.1875,NA,NA,7.5625,NA,0.9375,2.375,3,9,7,6,8,8,7,6,8,7,8,8,5,5,5,5,7,7,8
"28",28,0,6.625,7.25,7.4375,6.375,6.625,0.5,2.375,2,NA,NA,NA,NA,NA,NA,NA,NA,NA,NA,NA,NA,NA,NA,NA,NA,NA,NA
"29",29,0,5.75,NA,NA,NA,NA,0.1875,2.375,2,9,8,9,7,7,7,6,2,2,7,7,7,5,7,6,8,9,5
"30",30,0,6.0625,NA,NA,NA,NA,0.25,2.375,2,1,5,6,8,7,4,4,2,1,7,8,5,7,7,7,9,6,4
"31",31,0,7.875,7.4375,7.25,6.5,NA,0.8125,2.375,2,1,3,3,7,10,7,7,7,2,6,6,8,8,8,6,7,10,6
"32",32,0,NA,NA,NA,NA,NA,0.5625,2.375,4,2,4,1,5,9,5,5,1,2,4,9,6,6,7,5,8,10,9
"33",33,0,6,8.0625,7.8125,6.8125,NA,0.25,2.375,2,6,4,6,10,7,8,6,6,8,6,10,10,8,8,6,6,7,9
"34",34,0,7.1875,NA,7.3125,NA,7.25,0.6875,2.375,4,7,7,6,6,7,4,4,5,4,7,7,6,9,10,7,7,7,7
"35",35,0,7.3125,NA,NA,NA,NA,0.6875,2.375,2,7,9,7,9,8,8,8,5,6,9,7,9,8,8,7,7,8,3
"36",36,0,6.25,NA,NA,NA,NA,0.5,2.375,2,4,6,1,4,6,7,7,7,1,3,9,1,9,6,6,7,5,1
"37",37,0,NA,NA,NA,NA,NA,0.1875,2.375,2,7,6,4,6,10,9,8,7,6,7,5,6,10,7,8,7,4,9
"38",38,0,NA,NA,NA,NA,NA,0.4375,2.375,1,1,7,2,7,10,2,2,7,4,7,2,8,8,10,10,10,10,2
"39",39,0,NA,NA,NA,NA,NA,0.125,2.375,3,1,3,2,4,10,10,8,7,1,5,10,9,9,10,9,9,10,1
"40",40,1,4.10526315789474,6.47368421052632,6.63157894736842,5.94736842105263,NA,0.210526315789474,2.42105263157895,4,NA,4,9,3,7,7,8,5,7,9,7,5,5,8,8,10,4,2
"41",41,1,3.68421052631579,NA,6.47368421052632,NA,6.63157894736842,0,2.42105263157895,4,1,5,5,6,5,5,5,5,10,5,6,6,6,6,5,5,5,1
"42",42,1,4.94736842105263,NA,6.05263157894737,5.73684210526316,NA,0.210526315789474,2.42105263157895,4,5,1,1,7,5,3,3,3,1,1,9,8,5,7,2,5,2,1
"43",43,1,4.26315789473684,6.94736842105263,6.36842105263158,4.63157894736842,NA,0.157894736842105,2.42105263157895,2,2,8,9,6,5,7,7,2,5,5,9,6,7,4,6,5,2,1
"44",44,1,4.89473684210526,6.78947368421053,6.63157894736842,NA,5.89473684210526,0.210526315789474,2.42105263157895,2,2,9,1,8,7,8,8,10,6,7,8,1,7,3,8,1,6,8
"45",45,1,5.21052631578947,6.89473684210526,6.21052631578947,NA,6.52631578947368,0.210526315789474,2.42105263157895,2,7,9,7,3,6,8,6,6,7,6,6,7,6,7,6,6,6,3
"46",46,1,7.63157894736842,7.31578947368421,6.78947368421053,NA,NA,0.473684210526316,2.42105263157895,2,7,10,7,5,6,7,7,8,3,7,7,4,4,6,5,6,2,7
"47",47,1,4.05263157894737,6.47368421052632,5.84210526315789,5.63157894736842,5.94736842105263,0.0526315789473684,2.42105263157895,2,2,6,7,2,8,7,6,3,7,4,7,4,5,8,8,7,2,1
"48",48,1,6.73684210526316,5.89473684210526,6.26315789473684,6.78947368421053,5.63157894736842,0.421052631578947,2.42105263157895,2,6,3,1,6,7,7,8,1,5,8,4,6,10,10,6,8,6,2
"49",49,1,6.31578947368421,NA,NA,6.97368421052632,NA,0.421052631578947,2.42105263157895,4,7,10,7,5,7,6,7,2,8,7,9,5,5,6,5,8,2,7
"50",50,1,6.31578947368421,NA,6.57894736842105,7.63157894736842,NA,0.578947368421053,2.42105263157895,1,1,10,10,3,8,5,3,4,3,10,5,6,8,10,7,10,6,2
"51",51,1,5.36842105263158,6.47368421052632,4.86842105263158,4.21052631578947,6.07894736842105,0.263157894736842,2.42105263157895,2,1,6,6,7,3,4,3,6,5,4,5,7,1,6,1,2,2,1
"52",52,1,NA,NA,NA,NA,NA,0.210526315789474,2.42105263157895,2,1,8,5,3,6,3,4,3,3,3,3,7,4,6,3,5,4,2
"53",53,1,NA,NA,NA,NA,NA,0.473684210526316,2.42105263157895,2,4,8,4,3,10,9,8,8,4,4,9,5,7,9,9,9,7,3
"54",54,1,4.42105263157895,NA,6.31578947368421,4.84210526315789,6.47368421052632,0,2.42105263157895,2,7,5,2,2,8,7,8,8,1,3,7,1,8,6,9,9,1,3
"55",55,1,6.21052631578947,7,7.05263157894737,NA,NA,0.315789473684211,2.42105263157895,1,1,10,8,4,5,5,4,1,6,10,9,7,5,10,7,10,5,1
"56",56,0,7.5,6.5,6.8,6.9,7,0.7,2.8,2,9,2,1,10,10,5,5,2,1,7,6,8,8,7,6,9,10,4
"57",57,0,5.3,6.9,7.7,5.9,5.7,0.2,2.8,2,9,4,4,5,9,9,9,9,1,5,9,9,9,9,9,9,9,9
"58",58,0,NA,NA,NA,NA,NA,0.5,2.8,NA,NA,NA,NA,NA,NA,NA,NA,NA,NA,NA,NA,NA,NA,NA,NA,NA,NA,NA
"59",59,0,NA,NA,NA,NA,NA,0,2.8,NA,NA,NA,NA,NA,NA,NA,NA,NA,NA,NA,NA,NA,NA,NA,NA,NA,NA,NA
"60",60,0,4.8,6.4,7,6.5,6,0.2,2.8,6,6,3,1,9,9,5,5,3,1,5,5,2,10,7,6,9,5,5
"61",61,0,3.9,NA,7.1,5.3,5.7,0.2,2.8,2,2,1,1,5,10,10,10,5,1,5,10,6,10,10,8,10,8,7
"62",62,0,8.3,7.6,7.1,7,6.5,0.8,2.8,3,1,8,5,7,8,6,6,7,7,7,7,3,2,9,7,9,9,2
"63",63,0,4.4,7,6.5,6.2,NA,0.1,2.8,4,10,5,3,8,6,9,8,5,1,2,10,1,8,9,4,5,6,2
"64",64,0,5.3,7.4,6.2,5.6,6.5,0.2,2.8,4,9,8,8,8,8,8,8,9,5,3,8,7,8,8,9,9,8,5
"65",65,0,6.5,7,7.3,7.8,6.2,0.4,2.8,6,3,7,5,7,8,8,8,8,8,9,8,8,8,9,8,8,9,6
"66",66,1,NA,NA,NA,NA,NA,0.3,NA,3,7,4,2,3,6,4,3,3,6,4,8,6,4,8,4,6,4,2
"67",67,1,NA,NA,NA,NA,NA,0.4,NA,6,1,9,9,6,7,6,6,4,4,4,6,6,3,9,9,9,2,1
"68",68,1,5.5,7.8,5.8,4.9,6,0.2,NA,1,6,3,2,2,7,8,8,3,3,7,10,7,5,9,7,7,7,1
"69",69,1,7.3,7.9,7.6,7.1,NA,0.7,NA,2,7,10,7,5,5,3,2,1,3,9,8,2,4,7,6,7,2,1
"70",70,1,NA,NA,NA,NA,NA,0.3,NA,2,7,9,4,9,5,7,5,7,5,5,8,3,7,8,5,8,5,6
"71",71,1,NA,NA,NA,NA,NA,0.4,NA,2,14,9,10,6,4,3,3,7,6,7,7,8,3,10,6,8,2,1
"72",72,1,6.4,6.5,7.4,5,5.6,0.2,NA,2,7,8,3,7,10,6,6,7,2,9,5,6,7,7,6,8,8,4
"73",73,1,NA,NA,NA,NA,NA,0.4,NA,2,7,9,9,7,6,5,4,4,6,6,5,5,5,7,7,6,4,1
"74",74,1,5.3,7.6,7.3,6,7.2,0.3,NA,2,5,8,3,5,9,10,10,9,6,8,10,2,9,10,8,8,3,5
"75",75,1,NA,NA,NA,NA,NA,0.2,NA,6,1,8,2,8,7,7,7,7,5,9,8,8,5,7,6,8,5,5
"76",76,0,6.22222222222222,7.83333333333333,6.94444444444444,NA,NA,0.5,2.72222222222222,2,2,1,7,6,8,8,8,5,1,7,7,4,8,8,8,7,7,7
"77",77,0,6.83333333333333,7.27777777777778,NA,NA,NA,0.444444444444444,2.72222222222222,2,11,7,1,10,9,9,9,8,3,6,6,6,8,8,10,10,7,9
"78",78,0,6.47222222222222,6.69444444444444,NA,NA,NA,0.277777777777778,2.72222222222222,3,11,5,1,7,7,9,5,9,1,3,9,3,9,9,9,7,5,10
"79",79,0,5.88888888888889,7.77777777777778,7.83333333333333,NA,NA,0.5,2.72222222222222,4,5,2,3,2,10,10,10,2,1,7,4,4,9,9,8,8,3,3
"80",80,0,6.38888888888889,7.55555555555556,7.94444444444444,NA,NA,0.277777777777778,2.72222222222222,4,2,8,3,7,5,5,4,3,1,5,10,9,7,7,7,7,9,2
"81",81,0,7.88888888888889,7.61111111111111,7.27777777777778,NA,NA,0.777777777777778,2.72222222222222,2,6,6,2,7,9,9,7,7,1,7,7,7,9,9,7,7,7,4
"82",82,0,6.61111111111111,7.22222222222222,7.77777777777778,NA,NA,0.555555555555556,2.72222222222222,6,2,5,5,5,8,9,10,9,1,7,8,6,8,8,8,9,6,7
"83",83,0,7.33333333333333,7.77777777777778,8.05555555555556,NA,NA,0.722222222222222,2.72222222222222,3,7,5,1,3,5,7,8,3,1,6,8,3,7,8,7,8,4,7
"84",84,0,6.77777777777778,7.80555555555556,7.66666666666667,NA,NA,0.5,2.72222222222222,3,4,7,1,9,9,9,9,3,1,9,9,1,9,10,9,9,5,5
"85",85,0,6.38888888888889,7.33333333333333,7.72222222222222,NA,NA,0.388888888888889,2.72222222222222,2,9,2,3,4,9,8,6,8,4,7,8,4,6,7,5,8,5,3
"86",86,0,7.33333333333333,8,7.88888888888889,7.66666666666667,NA,0.777777777777778,2.72222222222222,2,2,2,2,1,4,7,7,2,1,6,4,7,5,10,10,10,2,2
"87",87,0,7.5,7.11111111111111,7.16666666666667,NA,NA,0.555555555555556,2.72222222222222,2,9,10,5,10,8,7,7,8,4,9,9,6,7,10,9,10,7,9
"88",88,0,7,7.27777777777778,7.61111111111111,6.88888888888889,NA,0.333333333333333,2.72222222222222,2,9,8,7,10,7,7,7,8,6,6,10,8,9,10,8,10,9,3
"89",89,0,6.94444444444444,7.61111111111111,7.38888888888889,NA,NA,0.444444444444444,2.72222222222222,2,2,2,2,2,10,8,8,7,8,9,8,1,9,8,8,9,4,2
"90",90,0,5.88888888888889,7.72222222222222,8,NA,NA,0.166666666666667,2.72222222222222,4,10,8,9,6,5,8,9,6,3,1,10,6,7,8,7,6,4,1
"91",91,0,8.38888888888889,8.22222222222222,8,NA,NA,0.888888888888889,2.72222222222222,6,1,4,2,5,7,7,5,7,3,5,7,7,10,8,8,7,6,2
"92",92,0,7.88888888888889,7.38888888888889,NA,NA,NA,0.611111111111111,2.72222222222222,2,7,7,2,8,10,9,9,9,2,9,10,4,10,10,8,10,6,9
"93",93,0,7.13888888888889,8,7.97222222222222,NA,NA,0.777777777777778,2.72222222222222,2,2,3,2,6,10,7,6,8,7,8,7,5,8,8,6,5,7,6
"94",94,1,3.66666666666667,6.88888888888889,NA,5.72222222222222,NA,0.166666666666667,2.94444444444444,4,7,7,2,8,8,5,4,4,3,3,9,5,7,9,6,7,4,5
"95",95,1,4.66666666666667,7,6.88888888888889,5.38888888888889,6.72222222222222,0.111111111111111,2.94444444444444,2,7,10,10,6,6,4,3,1,6,4,7,9,5,10,8,10,3,3
"96",96,1,4.38888888888889,7.38888888888889,7.16666666666667,5.11111111111111,NA,0,2.94444444444444,3,2,5,8,7,10,10,8,10,6,8,8,3,8,9,8,7,7,3
"97",97,1,7.16666666666667,8.11111111111111,7.05555555555556,NA,NA,0.555555555555556,2.94444444444444,2,2,6,8,8,3,3,3,6,1,5,8,3,2,7,3,7,3,5
"98",98,1,5.61111111111111,6.94444444444444,7.66666666666667,4.11111111111111,NA,0.111111111111111,2.94444444444444,2,2,8,8,8,7,3,3,5,1,7,7,3,7,8,6,8,2,7
"99",99,1,7.83333333333333,7.88888888888889,7.66666666666667,7.5,NA,0.944444444444444,2.94444444444444,2,1,5,5,5,8,10,10,5,5,9,6,6,10,10,10,10,8,5
"100",100,1,4.55555555555556,NA,7.94444444444444,NA,NA,0.277777777777778,2.94444444444444,6,2,5,4,6,7,6,6,2,2,4,6,5,7,7,3,7,6,2
"101",101,1,4,7.66666666666667,7.61111111111111,NA,NA,0,2.94444444444444,4,7,9,9,7,9,9,9,8,8,9,8,7,9,8,7,8,8,4
"102",102,1,4.11111111111111,7.27777777777778,NA,NA,NA,0.111111111111111,2.94444444444444,2,2,9,9,9,9,4,4,7,2,5,5,4,4,9,3,5,5,2
"103",103,1,6.22222222222222,6.94444444444444,NA,NA,NA,0.277777777777778,2.94444444444444,2,7,8,7,8,8,6,4,8,5,8,8,8,5,8,8,8,6,3
"104",104,1,NA,7.44444444444444,6.88888888888889,6.88888888888889,NA,0.5,2.94444444444444,2,2,8,3,8,9,8,8,9,5,8,7,3,8,7,6,8,3,7
"105",105,1,6.27777777777778,8.16666666666667,7.88888888888889,8.05555555555556,NA,0.555555555555556,2.94444444444444,1,1,9,9,6,8,5,5,3,4,7,8,6,6,7,4,7,5,5
"106",106,1,5.11111111111111,7.72222222222222,7.66666666666667,NA,NA,0.277777777777778,2.94444444444444,3,1,2,4,2,9,6,5,4,9,2,9,8,7,9,2,8,5,3
"107",107,1,6.88888888888889,8,8.05555555555556,8.11111111111111,NA,0.666666666666667,2.94444444444444,2,2,7,2,4,7,6,7,8,1,7,7,1,5,7,9,9,1,10
"108",108,1,7.16666666666667,7.5,7,6.77777777777778,6.94444444444444,0.555555555555556,2.94444444444444,2,5,7,3,4,5,6,7,3,2,5,7,3,7,7,4,6,2,2
"109",109,1,5.83333333333333,7.94444444444444,7.55555555555556,7.22222222222222,7.27777777777778,0.444444444444444,2.94444444444444,4,6,2,1,2,10,10,10,1,2,2,10,5,7,10,10,10,5,3
"110",110,1,5.5,7.05555555555556,NA,6.83333333333333,NA,0.277777777777778,2.94444444444444,2,6,4,3,8,7,7,9,8,2,3,7,5,7,9,7,8,3,6
"111",111,1,4.77777777777778,7.5,7.22222222222222,NA,NA,0.111111111111111,2.94444444444444,4,7,9,9,7,9,10,9,9,1,5,9,5,8,9,8,5,3,5
"112",112,0,7.9,7.5,7.3,7,6.2,0.8,3.2,6,11,8,3,8,5,7,8,8,8,9,9,3,8,8,9,10,4,6
"113",113,0,6.4,7,6.7,6.6,6,0.4,3.2,2,10,5,3,7,10,9,8,7,2,6,8,7,10,10,9,10,10,7
"114",114,0,5,7.1,6.8,5.5,NA,0.2,3.2,1,NA,6,8,3,4,4,3,5,2,6,8,7,6,7,6,9,2,2
"115",115,0,NA,NA,NA,NA,NA,0.5,3.2,2,3,2,2,8,7,3,3,1,1,8,10,2,2,6,4,7,8,1
"116",116,0,6.7,6.5,NA,6.3,6.3,0.6,3.2,2,10,5,4,3,10,10,10,6,4,8,10,10,10,10,10,10,10,8
"117",117,0,NA,NA,NA,NA,NA,0.5,3.2,2,7,6,8,6,9,8,6,3,5,8,8,5,6,5,6,5,9,3
"118",119,0,7.9,7,7.6,6.8,6.7,0.8,3.2,3,1,8,5,8,9,9,9,5,8,10,9,5,10,9,10,10,7,8
"119",120,0,7.8,7.5,6.6,7.3,6.9,0.7,3.2,3,6,5,4,4,8,7,5,3,1,5,10,6,10,9,6,8,3,5
"120",121,0,4.8,7.2,6.5,4.8,5.4,0.2,3.2,2,2,2,2,6,10,6,10,6,4,7,7,8,10,10,10,10,10,4
"121",122,1,NA,NA,NA,NA,NA,0.7,NA,6,1,7,9,7,9,7,6,5,6,6,6,8,7,8,8,8,5,4
"122",123,1,NA,NA,NA,NA,NA,0.4,NA,4,4,9,9,8,8,3,2,5,5,6,2,7,2,7,7,7,7,5
"123",124,1,NA,NA,NA,NA,NA,0,NA,4,1,5,5,8,10,8,8,6,5,8,8,6,9,9,9,8,8,7
"124",125,1,NA,NA,NA,NA,NA,0.8,NA,2,4,3,1,9,10,9,10,1,1,10,9,2,9,9,9,9,10,7
"125",126,1,NA,NA,NA,NA,NA,0.3,NA,2,4,10,8,7,8,8,7,5,2,7,10,5,8,8,9,10,6,7
"126",127,1,NA,NA,NA,NA,NA,0.5,NA,2,6,10,8,8,8,5,3,5,5,6,1,7,1,5,8,7,5,10
"127",128,1,NA,NA,NA,NA,NA,0.7,NA,2,5,8,7,7,6,4,4,8,7,3,5,3,4,8,10,10,2,2
"128",129,1,NA,NA,NA,NA,NA,0.3,NA,2,7,7,4,7,9,4,5,9,2,6,9,4,4,7,6,6,4,6
"129",130,1,NA,NA,NA,NA,NA,0.7,NA,4,10,7,4,9,8,3,2,7,5,7,6,2,1,2,2,9,6,2
"130",131,1,NA,NA,NA,NA,NA,0.1,NA,4,10,5,1,5,5,5,5,3,6,4,8,7,6,8,7,6,5,3
"131",132,0,7.8,7,NA,7.2,7.2,1,3,2,7,7,2,10,5,7,7,9,1,1,5,9,5,10,3,10,1,10
"132",133,0,5.2,9,9,7.2,7.4,0.4,3,4,2,8,7,6,7,10,8,10,4,3,6,4,8,7,10,9,7,6
"133",134,0,6.5,8.3,8.4,6.2,6.8,0.6,3,2,2,7,4,4,8,9,6,7,8,6,8,5,9,5,7,8,8,8
"134",135,0,6.3,NA,NA,5.8,6.4,0.6,3,2,2,3,1,1,1,9,9,10,1,7,7,1,8,7,10,10,2,9
"135",136,0,5.8,NA,7.2,7.2,8,0.6,3,NA,NA,NA,NA,NA,NA,NA,NA,NA,NA,NA,NA,NA,NA,NA,NA,NA,NA,NA
"136",137,1,7.6,NA,7.6,NA,NA,0.2,NA,4,8,6,1,8,8,4,4,1,5,7,4,7,1,9,9,10,8,3
"137",138,1,8,8.6,8,NA,NA,0.6,NA,2,7,7,2,9,8,6,6,1,7,7,9,9,4,9,2,9,6,2
"138",139,1,5.6,NA,7,5.8,7,0.2,NA,4,2,7,5,8,10,9,9,6,5,6,10,8,7,10,8,9,7,8
"139",140,1,8,8.2,8.2,8.4,NA,0.6,NA,2,7,8,6,8,9,5,5,5,5,7,9,6,7,6,4,5,4,3
"140",141,1,5.8,NA,NA,7.2,6.8,0.2,NA,3,7,10,10,3,9,5,5,7,5,7,3,8,9,10,8,9,6,6
"141",142,0,7.3125,7.6875,7.1875,6.6875,NA,0.5625,2.5625,2,2,5,6,6,6,5,5,6,14,7,6,6,6,6,6,8,6,6
"142",143,0,NA,7.4375,7.6875,5,NA,0.0625,2.5625,2,1,4,5,6,8,9,9,6,4,8,9,5,7,7,7,7,6,4
"143",144,0,NA,NA,NA,NA,NA,0.375,2.5625,2,2,10,7,9,6,6,6,4,3,7,7,5,4,7,9,8,7,4
"144",145,0,5.4375,7.875,7.375,6.0625,NA,0.3125,2.5625,2,2,2,1,2,9,9,5,2,2,1,8,10,10,10,5,8,9,2
"145",146,0,5.5,NA,7.125,5.375,NA,0.3125,2.5625,2,2,5,2,5,5,8,8,3,1,3,10,8,8,8,5,8,8,3
"146",147,0,6.75,NA,7.125,8,NA,0.5,2.5625,4,7,8,7,8,9,9,9,5,2,8,10,8,9,8,6,6,7,10
"147",148,0,7.0625,7.3125,7,NA,NA,0.6875,2.5625,4,7,7,4,6,9,9,9,5,2,1,10,10,9,9,5,7,9,7
"148",149,0,7.3125,7.4375,7.0625,6.5,NA,0.75,2.5625,2,2,8,4,5,8,8,8,8,3,6,6,6,5,8,7,10,9,8
"149",150,0,7.25,8.375,8.0625,7.1875,NA,0.6875,2.5625,2,2,5,1,3,5,3,3,9,1,5,7,1,1,7,5,4,2,10
"150",151,0,8.6875,NA,8.125,7.75,NA,0.875,2.5625,2,9,5,1,8,10,9,8,8,4,1,8,1,9,8,9,10,7,7
"151",152,0,7.125,NA,7.9375,NA,NA,0.4375,2.5625,4,2,4,1,4,8,9,8,5,5,7,10,5,9,10,9,9,7,1
"152",153,0,6.3125,7.1875,7.8125,5.5,NA,0.3125,2.5625,4,2,8,5,7,7,7,6,6,5,7,10,6,7,9,7,7,8,5
"153",154,0,7.75,7.5,7.75,NA,NA,0.8125,2.5625,2,7,10,7,8,8,6,6,6,1,6,8,7,7,8,6,6,3,2
"154",155,0,7.1875,7.0625,7.5,NA,NA,0.5625,2.5625,2,9,2,1,10,10,7,8,5,1,1,10,4,10,9,5,7,7,4
"155",156,0,7,8,7.875,7.125,NA,0.625,2.5625,1,7,3,7,10,10,10,10,8,7,9,10,10,10,10,10,10,7,8
"156",157,0,7.625,7.375,7.3125,7.4375,NA,0.75,2.5625,4,7,8,7,8,8,6,6,9,2,9,7,4,6,7,5,6,6,3
"157",158,1,4.5625,7.5,6.25,NA,NA,0,2.5625,2,2,2,4,4,6,7,4,7,7,6,8,6,5,8,4,9,5,1
"158",159,1,4.125,8,7.1875,5.875,NA,0.125,2.5625,2,2,7,7,6,9,9,8,6,4,5,8,7,7,9,8,9,7,2
"159",160,1,7.375,7.4375,7.375,8,7.875,0.25,2.5625,1,8,9,8,10,6,6,4,3,4,8,6,3,7,9,6,9,3,2
"160",161,1,7.75,8,7.4375,NA,NA,0.6875,2.5625,2,10,9,9,9,8,7,6,7,7,9,9,8,6,8,6,9,6,2
"161",162,1,5.75,7.875,6.75,NA,NA,0.25,2.5625,4,4,3,3,3,8,7,7,6,2,8,5,4,3,9,10,10,7,3
"162",163,1,6.875,7.6875,7.6875,7.25,NA,0.5,2.5625,2,2,6,2,2,4,8,8,4,1,1,8,1,6,6,4,6,2,1
"163",164,1,6.6875,8.125,7.8125,7,NA,0.375,2.5625,2,2,7,5,5,6,7,7,7,1,3,7,2,5,6,4,6,2,2
"164",165,1,7.375,6.8125,7.0625,NA,NA,0.25,2.5625,2,6,3,1,6,6,7,7,2,1,1,10,8,8,8,5,5,2,2
"165",166,1,6.875,7.0625,6.5625,6.3125,NA,0.25,2.5625,6,7,5,5,9,4,4,2,5,1,3,9,1,5,8,7,10,1,7
"166",167,1,5.9375,7.4375,6.8125,6.75,NA,0.25,2.5625,2,2,9,9,8,6,8,8,9,2,5,6,5,6,8,6,7,3,2
"167",168,1,4.875,7.6875,7.375,NA,NA,0.1875,2.5625,4,10,5,5,3,5,5,5,5,3,3,5,3,5,5,5,3,3,3
"168",169,1,8.0625,8.375,8.0625,7.6875,NA,0.8125,2.5625,2,2,10,7,8,9,9,7,7,1,6,4,2,7,6,8,8,4,4
"169",170,1,4.4375,8.125,7.3125,NA,NA,0,2.5625,4,4,2,1,8,8,8,8,5,3,1,9,8,7,8,6,8,4,5
"170",171,1,5.8125,8.1875,7.75,6,NA,0.3125,2.5625,2,7,8,2,8,8,5,5,5,2,8,9,6,6,9,4,9,7,1
"171",172,1,6.9375,8.0625,7.9375,7.625,NA,0.5,2.5625,2,7,7,8,7,8,4,5,5,6,8,7,4,6,8,8,7,6,3
"172",173,1,6.125,8.125,7.4375,7.4375,NA,0.375,2.5625,2,2,10,8,9,6,5,6,7,4,8,7,4,5,6,9,10,3,6
"173",174,0,4.9,NA,7.6,NA,NA,0.2,3,4,7,5,4,6,6,8,8,4,4,6,8,4,6,5,9,9,6,5
"174",175,0,5.8,7.6,NA,6,NA,0.4,3,6,7,8,2,6,8,7,7,3,3,6,6,5,6,5,6,9,5,3
"175",176,0,NA,NA,NA,NA,NA,0.4,3,4,7,7,6,5,10,10,9,7,4,4,5,5,8,8,8,8,6,3
"176",177,0,4.9,NA,NA,NA,NA,0,3,2,7,5,9,6,8,6,4,2,3,7,9,7,6,7,3,4,5,1
"177",178,0,NA,NA,NA,NA,NA,0.3,3,4,4,3,4,7,9,8,8,8,2,9,8,8,8,8,8,9,6,8
"178",179,0,8,8.3,7.8,8.2,NA,0.8,3,3,2,5,5,10,10,7,7,5,1,7,10,1,8,8,7,9,10,9
"179",180,0,NA,NA,NA,NA,NA,0.9,3,4,7,7,7,5,9,5,5,8,5,9,6,7,9,9,7,8,9,7
"180",181,0,NA,NA,NA,NA,NA,0.6,3,1,2,3,6,5,9,9,9,6,3,9,9,9,9,9,9,9,9,6
"181",182,0,NA,NA,NA,NA,NA,0.2,3,1,4,5,6,2,8,3,2,1,4,1,7,8,2,6,4,10,8,1
"182",183,0,6.1,NA,NA,6.2,NA,0.2,3,2,6,9,6,8,9,8,8,9,9,9,7,8,8,9,9,10,8,1
"183",184,1,6.2,7.3,7.5,6.5,NA,0.8,3.1,2,7,5,2,4,8,8,7,8,3,8,8,3,9,8,5,6,2,8
"184",185,1,5,6.2,5.8,5.4,NA,0.2,3.1,4,6,8,7,8,8,8,9,6,7,8,9,9,9,9,8,9,9,9
"185",186,1,5.3,7.6,7.3,6,NA,0.4,3.1,4,2,5,1,4,9,5,3,6,1,1,6,7,4,7,8,8,6,3
"186",187,1,4.7,6.2,6,5.6,NA,0.1,3.1,2,7,3,5,10,5,10,10,1,2,1,10,5,8,8,10,10,1,1
"187",188,1,4.4,6.5,6.3,6.1,NA,0.2,3.1,2,2,2,1,5,10,8,8,5,7,5,7,3,5,5,5,7,7,3
"188",189,1,5.4,7,7.2,5.8,NA,0.4,3.1,6,9,8,7,8,5,7,7,7,7,7,9,5,7,9,7,8,4,7
"189",190,1,6.7,6.9,6.5,7.9,6.7,0.6,3.1,2,9,7,7,8,3,2,2,6,5,9,8,2,4,7,9,10,3,1
"190",191,1,6.5,7.2,7.2,7.2,7.5,0.8,3.1,2,7,8,1,7,8,6,6,6,1,8,7,3,4,8,4,7,1,7
"191",192,1,6.5,7.2,6.5,7.5,NA,0.6,3.1,2,7,7,5,7,7,3,2,6,8,7,9,6,3,6,7,8,4,5
"192",193,1,6.1,7.5,7.2,NA,NA,0.5,3.1,4,1,8,10,7,9,9,8,1,1,4,10,10,10,10,9,9,9,5
"193",194,0,4.55,NA,5.85,4.95,5.4,0.15,2.7,2,3,8,6,6,9,6,6,4,8,7,9,9,6,9,5,7,9,4
"194",195,0,6.65,7.5,7,7.2,5.9,0.8,2.7,2,2,7,6,9,8,5,5,9,9,8,10,1,3,4,3,6,5,1
"195",196,0,6.35,6.65,6.95,4.75,5.25,0.4,2.7,4,2,3,3,6,7,7,7,8,6,8,6,8,9,9,9,9,7,9
"196",197,0,6.85,7.3,6.95,6.45,6.5,0.8,2.7,6,7,6,1,4,10,8,8,4,7,5,9,6,5,10,8,10,7,3
"197",198,0,4.6,6.35,6.6,4.5,5.6,0.15,2.7,4,7,6,8,6,9,8,8,9,5,7,4,9,9,9,9,9,10,4
"198",199,0,7.3,6.8,5.85,6.05,6.15,0.75,2.7,2,2,8,3,10,10,10,10,1,1,7,10,4,7,8,3,5,7,1
"199",200,0,7.55,7.1,7.05,6.8,7.05,0.85,2.7,2,9,10,3,9,8,7,7,10,3,6,8,1,8,8,9,10,3,4
"200",201,0,6.6,7.35,7.3,6.45,6.45,0.35,2.7,2,7,8,8,8,8,7,7,7,8,7,7,7,7,7,7,7,7,6
"201",202,0,5.75,7.65,6.95,6.05,6.5,0.55,2.7,2,2,8,8,9,7,6,4,4,1,6,8,7,7,9,6,7,7,1
"202",203,0,6.95,8,7.4,6.4,6.3,0.75,2.7,2,2,3,1,8,6,4,2,2,1,6,7,10,6,8,3,7,9,2
"203",204,0,5.75,6.5,6.1,6.4,6.9,0.4,2.7,2,7,10,5,9,9,10,10,3,1,9,8,4,5,5,3,8,10,7
"204",205,0,6.25,6.85,6.55,5.8,5.95,0.65,2.7,2,2,8,2,6,8,6,6,7,2,6,9,3,3,8,5,6,3,5
"205",206,0,5.95,7.65,7.55,6.5,6.7,0.45,2.7,1,9,5,5,5,9,7,7,7,7,9,9,5,7,7,7,9,5,7
"206",207,0,8.45,6.8,6.65,8.15,6.85,0.95,2.7,2,1,10,8,8,7,5,5,2,3,4,3,7,7,6,5,7,9,6
"207",208,0,7.7,7.35,7.65,7.85,7.05,1,2.7,1,7,9,7,7,9,10,10,10,5,8,8,5,7,9,10,10,9,8
"208",209,0,5.45,6.85,7.3,6.2,6.35,0.2,2.7,1,7,3,2,6,8,5,5,6,8,8,3,6,7,8,7,10,3,3
"209",210,0,6.1,7.45,7.2,6.45,6.25,0.65,2.7,2,2,9,3,9,8,9,9,9,1,2,9,5,7,7,7,7,5,1
"210",211,0,7.2,6.9,6.55,5.8,6.55,0.7,2.7,2,9,9,8,9,10,9,9,5,8,1,9,9,10,10,9,7,10,7
"211",212,0,6.95,7.45,7.5,7.35,6.65,0.75,2.7,3,7,8,5,8,8,8,8,8,6,9,8,8,8,8,6,7,8,3
"212",213,0,7.1,7.1,7.3,6.95,6.75,0.75,2.7,3,7,8,7,9,8,8,7,6,7,7,8,7,10,10,8,9,8,5
"213",214,1,5.7,7.7,7.45,NA,NA,0.15,2.35,2,2,9,3,10,8,6,7,7,4,7,3,1,9,6,4,6,7,1
"214",215,1,6.9,8,NA,NA,8.3,0.4,2.35,4,7,8,6,9,9,6,4,2,7,6,9,5,2,9,2,7,9,2
"215",216,1,3.6,7.05,6.55,6.15,NA,0.05,2.35,2,7,2,1,2,7,7,5,3,5,1,13,6,6,7,6,5,2,1
"216",217,1,7.8,9.15,NA,NA,NA,0.65,2.35,2,2,1,2,8,7,8,8,10,1,2,10,4,8,6,10,10,1,7
"217",218,1,5.4,NA,NA,NA,NA,0.15,2.35,2,2,9,3,5,7,9,10,7,3,7,5,1,5,7,8,8,6,1
"218",219,1,7.4,NA,NA,NA,NA,0.45,2.35,2,7,8,2,7,7,7,8,3,3,6,7,2,6,7,7,10,3,10
"219",220,1,5.25,8.35,8.15,NA,NA,0.15,2.35,6,6,9,9,5,10,9,10,10,6,8,10,2,5,5,5,9,5,5
"220",221,1,6.05,8.2,7.75,NA,7.25,0.25,2.35,4,7,5,6,3,7,6,3,4,3,7,8,7,8,8,4,4,4,1
"221",222,1,3.2,NA,NA,NA,NA,0.05,2.35,2,2,5,1,6,8,10,9,6,4,7,9,1,9,9,10,8,3,1
"222",223,1,5.35,7.65,7.85,NA,NA,0.05,2.35,2,2,8,7,6,6,8,7,6,7,8,9,6,5,10,6,7,5,2
"223",224,1,5.95,8.35,8.05,NA,NA,0.3,2.35,2,15,6,4,4,7,5,5,5,6,8,10,1,8,9,2,4,1,8
"224",225,1,6.1,7.95,7.95,NA,7.65,0.25,2.35,3,7,10,8,3,8,8,8,7,3,9,8,8,9,7,9,9,2,6
"225",226,1,8.6,7.9,7.75,NA,NA,0.65,2.35,2,6,10,7,8,6,7,7,3,2,8,4,5,6,7,4,9,2,4
"226",227,1,6.95,7.2,7.3,NA,NA,0.35,2.35,2,7,7,7,7,10,9,7,2,6,5,10,8,8,9,5,7,5,1
"227",228,1,5.55,NA,8.05,5.3,NA,0.05,2.35,4,2,3,1,2,8,4,5,8,4,6,9,2,4,7,8,9,2,8
"228",229,1,7.3,8.25,NA,NA,NA,0.4,2.35,2,7,8,5,7,7,1,1,5,3,3,8,5,1,5,2,6,1,1
"229",230,1,5.7,NA,7,6.45,NA,0.2,2.35,2,7,1,1,2,1,10,10,10,1,1,10,10,10,10,5,10,10,6
"230",231,1,5.95,7.3,7,NA,NA,0.25,2.35,3,9,5,2,7,9,9,6,8,1,9,9,1,8,9,9,10,1,7
"231",232,1,5,NA,NA,NA,NA,0.1,2.35,2,9,5,5,9,8,7,8,9,3,8,7,4,6,8,7,7,3,5
"232",233,1,NA,NA,NA,NA,NA,0.25,2.35,4,7,10,9,8,10,8,8,7,9,8,5,10,8,10,10,10,8,6
"233",234,0,5.88888888888889,7.11111111111111,7.88888888888889,NA,NA,0.444444444444444,4,6,2,5,3,10,10,9,5,2,1,4,9,5,6,5,5,9,7,4
"234",235,0,7.88888888888889,7,7.55555555555556,7.44444444444444,NA,0.888888888888889,4,2,2,1,3,3,10,9,10,2,1,7,7,1,9,9,6,10,10,7
"235",236,0,5.55555555555556,NA,6.88888888888889,4.11111111111111,NA,0.111111111111111,4,4,2,9,6,3,7,9,9,7,1,8,7,5,4,7,4,10,4,2
"236",237,0,5.33333333333333,7.44444444444444,7.66666666666667,5.88888888888889,NA,0.333333333333333,4,2,6,1,1,10,7,8,9,9,1,1,10,6,8,6,2,9,2,10
"237",238,0,6.66666666666667,7.11111111111111,7.55555555555556,NA,NA,0.555555555555556,4,2,6,8,5,8,8,10,10,8,2,8,7,5,9,9,10,10,7,6
"238",239,0,5.77777777777778,7.22222222222222,7.55555555555556,5.33333333333333,NA,0.333333333333333,4,2,7,3,3,5,8,8,7,8,1,6,9,6,8,8,6,7,1,8
"239",240,0,6.77777777777778,7,7.11111111111111,8,7.33333333333333,0.666666666666667,4,4,6,10,10,9,10,10,8,9,14,9,10,10,10,10,10,10,10,3
"240",241,0,6.66666666666667,6.88888888888889,7.66666666666667,7.44444444444444,NA,0.888888888888889,4,4,7,8,1,5,7,7,7,4,1,3,4,1,3,4,6,7,6,3
"241",242,0,8,7.44444444444444,7.33333333333333,7.11111111111111,5.88888888888889,0.777777777777778,4,3,2,6,5,5,8,10,10,9,4,9,10,1,9,10,10,10,1,8
"242",243,1,5.66666666666667,7.44444444444444,6.55555555555556,5.66666666666667,5.44444444444444,0.777777777777778,3.22222222222222,2,2,7,2,7,9,5,8,5,7,3,9,5,5,9,8,8,6,2
"243",244,1,6.33333333333333,7,7.22222222222222,6.66666666666667,7.77777777777778,0.666666666666667,3.22222222222222,2,7,5,2,10,8,6,4,9,1,3,13,9,8,9,3,4,3,1
"244",245,1,4.77777777777778,8.55555555555556,6.33333333333333,5.77777777777778,7.33333333333333,0.333333333333333,3.22222222222222,2,1,3,1,2,6,7,8,4,8,6,9,2,7,8,6,6,1,6
"245",246,1,4.11111111111111,6.44444444444444,7.44444444444444,5.44444444444444,NA,0.111111111111111,3.22222222222222,2,2,6,5,5,7,5,5,3,2,6,8,8,9,9,8,9,5,2
"246",247,1,4,7.55555555555556,7.66666666666667,4.66666666666667,6.33333333333333,0,3.22222222222222,4,2,5,4,7,1,3,2,9,4,2,5,3,3,3,3,3,2,6
"247",248,1,7,6.66666666666667,6,7.66666666666667,7.66666666666667,0.777777777777778,3.22222222222222,6,7,7,1,8,7,5,1,8,6,8,6,3,7,7,4,7,6,1
"248",249,1,4.22222222222222,NA,6.77777777777778,5.55555555555556,7.88888888888889,0,3.22222222222222,6,7,7,9,1,10,8,6,1,1,6,10,7,3,8,8,5,4,1
"249",250,1,6.77777777777778,8,6.66666666666667,6.88888888888889,8.44444444444444,0.888888888888889,3.22222222222222,6,2,7,2,8,10,10,10,6,1,2,10,1,9,9,10,10,6,5
"250",251,1,4.77777777777778,7.55555555555556,7.33333333333333,5.55555555555556,NA,0.222222222222222,3.22222222222222,6,10,7,6,1,6,8,8,5,8,4,9,7,6,9,6,8,2,3
"251",252,0,6.83333333333333,NA,7.76190476190476,7.14285714285714,NA,0.523809523809524,2.57142857142857,3,2,4,3,3,8,7,6,7,4,9,9,2,9,9,9,9,9,2
"252",253,0,3.85714285714286,NA,NA,NA,NA,0.238095238095238,2.57142857142857,4,2,5,3,5,8,10,10,6,1,6,10,7,7,10,7,7,7,3
"253",254,0,5.80952380952381,NA,NA,NA,NA,0.428571428571429,2.57142857142857,2,2,8,2,6,10,9,9,8,1,7,9,8,9,9,7,7,7,8
"254",255,0,5.71428571428571,NA,NA,NA,NA,0.333333333333333,2.57142857142857,4,4,6,8,9,6,6,6,4,2,5,6,4,7,7,8,8,9,1
"255",256,0,6.57142857142857,NA,NA,6.33333333333333,NA,0.761904761904762,2.57142857142857,4,4,5,3,6,7,6,5,6,5,5,5,8,6,8,8,8,9,3
"256",257,0,6.85714285714286,NA,NA,NA,NA,0.523809523809524,2.57142857142857,2,2,7,1,6,9,10,10,10,3,4,10,2,5,10,10,10,4,10
"257",258,0,6.90476190476191,7.19047619047619,NA,NA,NA,0.666666666666667,2.57142857142857,6,2,9,6,7,7,8,3,10,4,1,10,3,8,5,2,6,6,2
"258",259,0,NA,NA,NA,NA,NA,0.333333333333333,2.57142857142857,2,2,8,3,7,8,7,7,4,2,7,8,6,7,7,5,7,5,6
"259",260,0,5.61904761904762,NA,NA,NA,NA,0.476190476190476,2.57142857142857,4,2,9,6,7,9,5,5,6,2,3,9,6,7,7,9,9,5,3
"260",261,0,5.28571428571429,7.19047619047619,NA,NA,NA,0.428571428571429,2.57142857142857,4,2,6,4,3,9,9,8,3,5,8,9,2,9,9,9,9,4,6
"261",262,0,5.38095238095238,NA,NA,5.90476190476191,NA,0.428571428571429,2.57142857142857,2,10,9,9,8,7,7,3,7,1,3,10,4,1,7,5,8,1,1
"262",263,0,5.85714285714286,NA,7.14285714285714,7.28571428571429,NA,0.666666666666667,2.57142857142857,1,10,1,1,1,5,7,7,7,1,3,9,4,7,7,7,8,9,6
"263",264,0,6.09523809523809,NA,NA,NA,NA,0.619047619047619,2.57142857142857,2,2,7,1,7,5,7,8,6,1,5,9,7,4,8,2,6,2,1
"264",265,0,5,NA,6.47619047619048,NA,NA,0.333333333333333,2.57142857142857,2,2,2,9,8,8,7,8,2,1,2,10,6,7,10,8,9,2,1
"265",266,0,7.35714285714286,NA,NA,NA,NA,0.80952380952381,2.57142857142857,2,10,5,4,5,4,7,8,8,1,6,5,1,4,10,6,7,2,6
"266",267,0,5.95238095238095,NA,NA,NA,NA,0.238095238095238,2.57142857142857,4,4,4,8,5,9,7,6,4,7,8,3,9,5,9,4,9,10,2
"267",268,0,8.5,NA,NA,NA,NA,0.952380952380952,2.57142857142857,3,4,8,6,6,5,4,3,6,5,5,8,4,5,5,4,4,4,4
"268",269,0,7.47619047619048,NA,NA,7.14285714285714,NA,0.761904761904762,2.57142857142857,2,2,4,1,8,8,8,10,7,3,1,10,3,6,6,6,9,4,2
"269",270,0,6.14285714285714,NA,NA,6.23809523809524,NA,0.571428571428571,2.57142857142857,4,2,8,4,6,9,8,7,8,4,6,9,2,7,5,6,7,6,4
"270",271,0,6.52380952380952,NA,NA,6.19047619047619,NA,0.476190476190476,2.57142857142857,2,11,8,7,10,9,10,10,5,5,6,7,7,9,9,9,8,9,5
"271",272,0,7.57142857142857,NA,7,6.71428571428571,NA,0.523809523809524,2.57142857142857,2,11,6,7,10,10,9,8,7,6,8,9,9,9,9,9,10,9,8
"272",273,1,5.85714285714286,7.47619047619048,6.76190476190476,5.57142857142857,NA,0.333333333333333,2.9047619047619,2,2,6,1,5,7,7,4,8,1,3,2,5,7,8,8,8,3,2
"273",274,1,5.61904761904762,6.23809523809524,6.23809523809524,5.85714285714286,6.09523809523809,0.285714285714286,2.9047619047619,3,2,3,3,4,7,6,5,4,5,1,10,7,6,8,9,10,8,7
"274",275,1,6.28571428571429,7.28571428571429,6.47619047619048,5.23809523809524,NA,0.0476190476190476,2.9047619047619,2,7,9,1,10,6,7,7,4,6,5,10,1,9,7,7,9,5,9
"275",276,1,5.80952380952381,7.42857142857143,6.47619047619048,6.23809523809524,6.14285714285714,0.333333333333333,2.9047619047619,2,2,6,2,8,9,8,9,2,3,6,9,1,4,7,6,7,2,2
"276",277,1,6.52380952380952,7.19047619047619,6.38095238095238,6.33333333333333,NA,0.571428571428571,2.9047619047619,2,2,10,6,10,5,8,8,10,5,3,8,2,7,8,6,6,1,2
"277",278,1,4.47619047619048,7,6.19047619047619,5.14285714285714,6.52380952380952,0,2.9047619047619,2,2,8,1,5,9,9,9,9,5,8,9,5,7,9,9,9,5,1
"278",279,1,7.02380952380952,7.38095238095238,6.38095238095238,6.42857142857143,6.90476190476191,0.571428571428571,2.9047619047619,2,2,7,1,6,5,2,3,5,3,4,9,6,3,8,1,2,1,1
"279",280,1,4.85714285714286,7.95238095238095,7.14285714285714,5.42857142857143,NA,0.285714285714286,2.9047619047619,2,2,8,1,5,5,6,5,5,4,2,10,2,7,10,7,8,2,2
"280",281,1,5.52380952380952,7.61904761904762,5.90476190476191,4.61904761904762,NA,0.19047619047619,2.9047619047619,2,2,4,4,2,4,7,5,8,1,2,6,2,6,8,7,5,3,9
"281",282,1,6.47619047619048,6.85714285714286,7.04761904761905,7.14285714285714,NA,0.380952380952381,2.9047619047619,1,7,10,10,10,5,4,4,4,7,8,9,5,7,7,7,10,5,1
"282",283,1,NA,NA,NA,NA,NA,0.142857142857143,2.9047619047619,4,7,9,6,6,6,4,4,8,6,6,8,1,5,3,3,7,2,7
"283",284,1,5.80952380952381,7.04761904761905,6.76190476190476,5.95238095238095,NA,0.333333333333333,2.9047619047619,2,6,9,2,5,7,7,9,8,1,5,9,5,5,9,8,9,8,5
"284",285,1,4.57142857142857,7,6.71428571428571,4.61904761904762,6.14285714285714,0.0952380952380952,2.9047619047619,6,7,5,7,6,10,9,10,9,14,5,9,7,3,10,10,10,10,10
"285",286,1,4.80952380952381,6.90476190476191,6.71428571428571,5.04761904761905,NA,0,2.9047619047619,2,2,7,3,4,3,8,7,9,9,4,8,6,8,7,8,6,3,8
"286",287,1,NA,NA,NA,NA,NA,0,2.9047619047619,4,6,2,1,5,7,2,2,9,6,4,10,8,8,10,8,8,8,8
"287",288,1,6,7.09523809523809,6.80952380952381,6.14285714285714,NA,0.476190476190476,2.9047619047619,2,2,9,5,3,8,5,5,6,4,4,9,2,6,7,5,7,2,2
"288",289,1,6.09523809523809,7.19047619047619,7.04761904761905,7.38095238095238,NA,0.571428571428571,2.9047619047619,4,7,10,6,1,7,3,6,10,5,3,10,6,5,7,6,8,2,1
"289",290,1,6.57142857142857,7.52380952380952,6.33333333333333,5.38095238095238,6.38095238095238,0.333333333333333,2.9047619047619,2,2,7,1,8,7,7,4,3,2,1,10,1,3,5,9,10,2,5
"290",291,1,5.09523809523809,8.14285714285714,7.09523809523809,6.09523809523809,7.85714285714286,0.238095238095238,2.9047619047619,4,4,9,7,7,7,7,7,5,6,5,7,5,6,7,5,8,5,5
"291",292,1,7.33333333333333,7.38095238095238,6.95238095238095,6.61904761904762,7.04761904761905,0.380952380952381,2.9047619047619,1,7,10,5,8,8,7,5,10,7,9,7,4,7,9,5,10,1,1
"292",293,1,5.61904761904762,6.76190476190476,6.57142857142857,5.38095238095238,6.90476190476191,0.285714285714286,2.9047619047619,3,7,6,9,7,10,8,7,6,6,8,9,6,9,9,8,8,6,4
"293",294,0,7.85714285714286,8.28571428571429,7.64285714285714,7.07142857142857,6.92857142857143,0.642857142857143,2.85714285714286,4,2,7,8,4,9,10,10,1,1,7,10,3,10,9,7,8,8,5
"294",295,0,5.57142857142857,6.78571428571429,6.92857142857143,5.85714285714286,NA,0.142857142857143,2.85714285714286,2,2,7,8,8,5,7,5,3,1,2,10,7,10,10,8,8,5,8
"295",296,0,5.21428571428571,7.78571428571429,7.42857142857143,5.92857142857143,7.07142857142857,0.357142857142857,2.85714285714286,2,2,4,5,2,8,8,7,6,5,9,9,9,8,7,8,10,9,7
"296",297,0,7.21428571428571,6.57142857142857,7.35714285714286,6.57142857142857,NA,0.571428571428571,2.85714285714286,2,2,5,2,8,8,10,10,3,3,5,10,8,10,10,8,8,8,6
"297",298,0,5.78571428571429,7.07142857142857,7.21428571428571,5.92857142857143,5.57142857142857,0.214285714285714,2.85714285714286,2,2,3,1,3,5,10,10,3,1,4,10,5,10,10,10,10,9,7
"298",299,0,5.78571428571429,7.42857142857143,7.71428571428571,6.78571428571429,6.07142857142857,0.357142857142857,2.85714285714286,4,2,7,1,7,8,9,8,9,4,9,9,6,7,9,7,9,5,4
"299",300,0,5.64285714285714,7.14285714285714,6.78571428571429,5.71428571428571,NA,0.214285714285714,2.85714285714286,2,2,8,2,8,9,10,10,7,2,5,8,2,10,8,8,10,4,2
"300",301,0,6.14285714285714,8.07142857142857,7.5,6.5,7,0.285714285714286,2.85714285714286,2,2,5,3,9,10,7,8,5,1,5,9,5,9,10,9,9,5,9
"301",302,0,5.07142857142857,5.71428571428571,5.64285714285714,6.28571428571429,5.85714285714286,0,2.85714285714286,2,12,10,10,9,7,5,6,6,6,8,5,7,7,7,9,9,6,6
"302",303,0,7.21428571428571,7.64285714285714,7.14285714285714,6.85714285714286,6.28571428571429,0.571428571428571,2.85714285714286,2,2,7,1,9,9,9,7,7,1,1,10,2,9,9,8,9,5,1
"303",304,0,6.42857142857143,6.57142857142857,7.35714285714286,7.14285714285714,6,0.285714285714286,2.85714285714286,2,12,10,1,8,7,7,8,2,1,4,8,1,8,9,7,7,8,9
"304",305,0,6.57142857142857,7.21428571428571,7.21428571428571,5.92857142857143,6.21428571428571,0.214285714285714,2.85714285714286,4,2,8,2,7,10,7,7,8,2,7,8,7,8,9,7,7,9,8
"305",306,0,6.92857142857143,6.64285714285714,7.57142857142857,6.07142857142857,NA,0.142857142857143,2.85714285714286,4,2,6,6,9,8,5,5,7,4,5,6,9,9,9,5,5,9,5
"306",307,0,7.21428571428571,7.85714285714286,7.92857142857143,7.14285714285714,NA,0.642857142857143,2.85714285714286,4,2,10,8,10,9,8,9,10,1,5,10,7,10,10,8,10,9,3
"307",308,1,5.07142857142857,8.42857142857143,8.14285714285714,NA,7.71428571428571,0.0714285714285714,2.71428571428571,4,2,7,7,7,8,8,8,8,7,3,7,9,8,9,7,8,7,7
"308",309,1,6.64285714285714,NA,8.28571428571429,7.21428571428571,NA,0.5,2.71428571428571,2,2,6,4,4,9,8,10,8,5,7,9,6,8,9,8,10,4,4
"309",310,1,6.07142857142857,NA,NA,NA,5.78571428571429,0.214285714285714,2.71428571428571,2,10,2,2,3,7,6,6,3,8,5,9,8,7,9,5,6,5,3
"310",311,1,7.39285714285714,NA,7.92857142857143,7.14285714285714,NA,0.571428571428571,2.71428571428571,4,7,10,8,9,10,7,6,8,9,1,7,4,6,8,10,10,9,8
"311",312,1,6.78571428571429,7.89285714285714,7.85714285714286,6.92857142857143,7.35714285714286,0.5,2.71428571428571,2,6,7,7,5,7,9,8,10,5,3,8,5,6,9,7,8,2,1
"312",313,1,7,NA,8.21428571428571,NA,NA,0.642857142857143,2.71428571428571,2,6,9,8,6,8,6,3,6,1,9,6,3,2,7,8,10,5,1
"313",314,1,5.57142857142857,8.28571428571429,7.71428571428571,5.85714285714286,7.57142857142857,0.0714285714285714,2.71428571428571,6,2,9,2,7,8,6,4,2,2,2,6,7,3,7,6,8,8,8
"314",315,1,6.39285714285714,8.14285714285714,7.42857142857143,NA,NA,0.357142857142857,2.71428571428571,2,2,8,2,2,8,8,8,8,2,8,7,1,8,9,7,7,2,2
"315",316,1,NA,8,7.57142857142857,8.14285714285714,8.42857142857143,0.642857142857143,2.71428571428571,2,7,9,3,5,7,6,6,6,4,6,9,5,4,4,7,9,4,1
"316",317,1,7.92857142857143,NA,7.71428571428571,NA,NA,0.642857142857143,2.71428571428571,2,7,8,1,5,10,6,10,4,3,8,4,1,10,10,8,9,1,1
"317",318,1,5.07142857142857,7.57142857142857,7.57142857142857,NA,NA,0.0714285714285714,2.71428571428571,6,7,8,4,8,6,4,5,7,7,7,7,6,7,8,5,8,7,6
"318",319,1,4.42857142857143,NA,7.71428571428571,6.35714285714286,NA,0.214285714285714,2.71428571428571,2,2,8,7,5,7,5,4,8,7,1,5,7,2,2,10,9,2,3
"319",320,1,5.5,7.64285714285714,7.07142857142857,5.64285714285714,NA,0,2.71428571428571,2,2,4,1,9,9,8,4,6,3,1,10,1,5,7,2,5,2,1
"320",321,1,6.07142857142857,NA,6.57142857142857,NA,NA,0.357142857142857,2.71428571428571,2,7,7,4,4,8,5,5,4,2,7,5,2,6,8,6,7,2,1
"321",322,0,6.44444444444444,6.88888888888889,6.77777777777778,6.11111111111111,6.22222222222222,0.222222222222222,NA,4,2,8,7,7,6,6,6,9,3,6,7,2,8,8,8,8,3,1
"322",323,0,7.77777777777778,7.33333333333333,7.88888888888889,5.77777777777778,6.55555555555556,0.555555555555556,NA,4,2,5,7,7,7,8,7,7,6,6,7,8,9,9,8,8,8,6
"323",324,0,7.11111111111111,7,7.33333333333333,7.66666666666667,NA,0.444444444444444,NA,2,3,8,8,6,10,8,8,9,6,9,7,8,10,8,10,10,7,7
"324",325,0,6.22222222222222,7.33333333333333,7.77777777777778,8.11111111111111,7,0.333333333333333,NA,3,3,5,7,9,9,9,9,7,7,7,9,7,9,9,9,9,4,6
"325",326,0,4.88888888888889,7.11111111111111,8.22222222222222,6.66666666666667,6.55555555555556,0.222222222222222,NA,1,2,2,2,3,8,8,8,2,2,6,9,6,10,8,10,10,10,8
"326",327,0,8.33333333333333,7.88888888888889,7.55555555555556,8.11111111111111,7.44444444444444,0.888888888888889,NA,2,7,1,1,5,10,8,7,7,1,6,10,1,9,8,9,9,1,5
"327",328,0,7.33333333333333,7.55555555555556,7.77777777777778,7,6.88888888888889,0.555555555555556,NA,2,2,8,3,10,10,10,10,10,1,5,10,7,10,10,10,10,5,10
"328",329,0,5,6.77777777777778,6.88888888888889,4.77777777777778,NA,0.333333333333333,NA,2,2,3,2,7,7,10,10,3,1,4,10,2,10,7,6,8,2,1
"329",330,0,7.55555555555556,7.88888888888889,7.22222222222222,7.44444444444444,7.33333333333333,0.555555555555556,NA,4,10,8,7,7,8,5,5,2,2,9,5,7,2,8,4,9,5,2
"330",331,0,4.44444444444444,6,6.77777777777778,4.66666666666667,5.66666666666667,0.111111111111111,NA,2,2,4,7,4,6,7,7,10,2,1,9,3,7,7,9,9,4,10
"331",332,1,5.1,8.3,NA,7.1,NA,0.4,2.6,4,2,7,2,8,5,10,10,7,3,7,9,5,8,10,5,9,7,1
"332",333,1,7.8,7.9,NA,8.1,NA,0.8,2.6,2,7,10,5,10,7,3,1,10,5,3,8,2,4,8,2,4,3,6
"333",334,1,7.3,7.9,NA,8,NA,0.5,2.6,4,4,9,4,9,9,8,8,5,6,8,5,5,6,6,3,5,8,5
"334",335,1,NA,NA,NA,NA,NA,0.6,2.6,2,2,9,1,9,4,7,7,4,1,4,8,6,5,4,3,8,5,7
"335",336,1,6.1,8,NA,7.4,NA,0.4,2.6,3,17,5,4,4,5,8,10,4,1,1,9,4,6,10,10,10,3,4
"336",337,1,5.9,8.2,NA,7.2,NA,0.4,2.6,2,5,9,9,8,8,8,7,5,4,6,7,5,7,8,7,6,4,4
"337",338,1,4.8,8,NA,5.8,NA,0.3,2.6,6,7,4,2,7,6,8,8,8,6,6,8,4,10,10,7,7,5,10
"338",339,1,7,7.7,NA,7.8,7.3,0.7,2.6,NA,NA,NA,NA,NA,NA,NA,NA,NA,NA,NA,NA,NA,NA,NA,NA,NA,NA,NA
"339",340,1,NA,NA,NA,NA,NA,0.7,2.6,NA,NA,NA,NA,NA,NA,NA,NA,NA,NA,NA,NA,NA,NA,NA,NA,NA,NA,NA
"340",341,0,NA,NA,NA,NA,NA,0.388888888888889,2.77777777777778,4,10,1,2,1,10,9,9,8,1,6,10,10,10,10,10,10,9,10
"341",342,0,NA,NA,NA,NA,NA,0.166666666666667,2.77777777777778,3,2,3,4,4,10,9,10,1,1,8,7,10,8,10,1,4,10,4
"342",343,0,NA,NA,NA,NA,NA,0.166666666666667,2.77777777777778,2,4,6,3,3,10,10,10,8,2,3,5,4,8,9,9,9,9,7
"343",344,0,6.88888888888889,7.55555555555556,7.27777777777778,7.16666666666667,7.44444444444444,0.388888888888889,2.77777777777778,3,9,9,7,5,6,7,6,4,3,9,4,4,9,9,9,9,9,5
"344",345,0,NA,NA,NA,NA,NA,0.333333333333333,2.77777777777778,2,4,5,1,10,6,5,5,3,4,8,9,6,7,7,8,9,6,9
"345",346,0,8.27777777777778,7.88888888888889,7.88888888888889,7.44444444444444,7.55555555555556,0.777777777777778,2.77777777777778,NA,NA,NA,NA,NA,NA,NA,NA,NA,NA,NA,NA,NA,NA,NA,NA,NA,NA,NA
"346",347,0,NA,NA,NA,NA,NA,0.0555555555555556,2.77777777777778,1,13,1,1,2,10,3,3,1,1,8,2,5,3,8,1,7,10,1
"347",348,0,NA,NA,NA,NA,NA,0.0555555555555556,2.77777777777778,4,2,3,5,1,10,10,10,2,1,9,10,7,10,7,7,7,10,5
"348",349,0,NA,NA,NA,NA,NA,0.666666666666667,2.77777777777778,2,7,2,3,10,8,7,8,7,1,6,7,4,8,8,8,9,6,7
"349",350,0,7.66666666666667,7.61111111111111,7.77777777777778,7.27777777777778,7.11111111111111,0.722222222222222,2.77777777777778,2,4,9,2,10,9,8,8,8,7,7,9,9,9,9,9,9,5,7
"350",351,0,NA,NA,NA,NA,NA,0.333333333333333,2.77777777777778,4,2,5,2,5,10,10,10,7,2,3,10,3,10,10,10,10,5,5
"351",352,0,5.88888888888889,7,7.94444444444444,5.27777777777778,5.5,0.222222222222222,2.77777777777778,6,6,8,5,10,10,10,10,8,4,5,5,8,9,9,10,10,7,7
"352",353,0,NA,NA,NA,NA,NA,0.0555555555555556,2.77777777777778,4,2,3,4,5,8,9,9,8,8,5,6,4,9,9,8,9,8,5
"353",354,0,6.83333333333333,7,7.16666666666667,7.83333333333333,7.16666666666667,0.5,2.77777777777778,2,3,10,10,10,10,8,8,1,1,1,8,10,10,10,10,10,10,6
"354",355,0,NA,NA,NA,NA,NA,0.611111111111111,2.77777777777778,2,3,9,1,7,8,7,7,7,1,9,9,2,9,9,9,9,9,2
"355",356,0,NA,NA,NA,NA,NA,0.222222222222222,2.77777777777778,2,3,10,9,8,10,8,5,7,1,5,8,9,8,9,7,10,5,6
"356",357,0,NA,NA,NA,NA,NA,0.611111111111111,2.77777777777778,4,2,2,6,10,10,10,10,8,1,7,10,6,10,8,7,7,8,1
"357",358,0,NA,NA,NA,NA,NA,0.555555555555556,2.77777777777778,4,7,6,2,7,10,4,5,2,4,9,9,6,5,8,4,5,7,3
"358",359,0,NA,NA,NA,NA,NA,0.277777777777778,2.77777777777778,2,9,2,1,1,7,2,2,6,8,1,10,3,7,8,8,8,1,4
"359",360,0,NA,NA,NA,NA,NA,0.222222222222222,2.77777777777778,6,3,9,7,6,9,7,8,9,9,1,7,6,7,7,10,10,7,8
"360",361,1,NA,NA,NA,NA,NA,0.2,NA,2,1,3,1,3,5,9,10,3,3,4,10,6,8,9,7,7,3,2
"361",362,1,NA,NA,NA,NA,NA,0.45,NA,2,1,8,2,1,9,6,6,6,4,7,6,4,6,6,6,6,7,2
"362",363,1,NA,NA,NA,NA,NA,0.25,NA,4,7,3,3,9,10,4,5,8,6,9,7,5,5,8,7,5,8,5
"363",364,1,6.4,NA,7.85,7.4,NA,0.45,NA,3,7,9,7,9,9,4,3,3,5,1,9,5,4,7,5,6,8,1
"364",365,1,NA,NA,NA,NA,NA,0.5,NA,2,10,7,3,3,9,9,10,8,4,8,8,1,5,7,9,10,5,5
"365",366,1,NA,NA,NA,NA,NA,0.9,NA,2,6,6,6,4,8,9,9,7,6,8,9,4,6,7,10,10,8,6
"366",367,1,NA,NA,NA,NA,NA,0.6,NA,2,13,6,7,8,8,5,5,3,4,8,5,6,3,3,7,8,7,2
"367",368,1,NA,NA,NA,NA,NA,0.55,NA,6,6,4,6,4,8,9,7,3,8,9,9,9,7,9,8,9,8,4
"368",369,1,NA,NA,NA,NA,NA,0.5,NA,2,3,2,6,2,6,7,7,7,1,1,10,3,7,5,6,8,1,1
"369",370,1,NA,NA,NA,NA,NA,0.7,NA,2,7,7,8,7,7,6,6,3,1,6,7,2,2,2,5,9,4,1
"370",371,1,7.3,NA,7.3,NA,NA,0.5,NA,2,9,10,7,7,3,3,3,3,3,3,4,5,3,6,10,10,1,7
"371",372,1,NA,NA,NA,NA,NA,0.5,NA,2,10,9,10,8,9,9,9,7,4,2,9,6,8,6,7,7,4,2
"372",373,1,NA,NA,NA,NA,NA,0.65,NA,3,7,7,5,8,8,7,6,3,5,9,8,2,3,4,5,9,8,2
"373",374,1,NA,NA,NA,NA,NA,0.3,NA,4,7,10,10,8,7,8,8,5,5,6,5,6,9,10,9,8,4,4
"374",375,1,NA,NA,NA,NA,NA,0.55,NA,2,1,9,8,5,8,4,4,2,2,7,5,6,5,6,3,6,7,3
"375",376,1,NA,NA,NA,NA,NA,0.5,NA,4,10,4,1,4,10,5,6,7,7,3,3,9,7,9,5,6,9,5
"376",377,1,NA,NA,NA,NA,NA,0.15,NA,4,7,7,9,6,6,3,3,1,7,8,6,8,5,8,7,8,6,2
"377",378,1,NA,NA,NA,NA,NA,0.35,NA,2,7,9,5,10,5,4,4,2,1,8,7,3,3,8,5,8,5,2
"378",379,0,NA,NA,NA,NA,NA,0.526315789473684,2.21052631578947,2,7,4,4,6,7,8,8,7,2,2,6,7,7,9,6,6,3,5
"379",380,0,NA,NA,NA,NA,NA,0.263157894736842,2.21052631578947,1,6,7,8,8,8,5,5,3,1,5,5,7,7,10,9,9,9,9
"380",381,0,NA,NA,NA,NA,NA,0.421052631578947,2.21052631578947,2,6,5,5,5,7,8,8,6,5,6,9,6,4,8,7,8,8,7
"381",382,0,NA,NA,NA,NA,NA,0.421052631578947,2.21052631578947,2,6,6,5,10,10,9,9,6,8,3,8,10,8,10,9,9,9,1
"382",383,0,NA,NA,NA,NA,NA,0.578947368421053,2.21052631578947,2,7,9,7,9,9,8,8,5,1,5,6,9,4,9,8,7,7,4
"383",384,0,7,7.31578947368421,7.52631578947368,8.10526315789474,NA,0.684210526315789,2.21052631578947,2,10,8,5,7,9,10,10,3,3,7,6,7,10,10,5,6,6,3
"384",385,0,7.05263157894737,6.84210526315789,7.84210526315789,7.21052631578947,NA,0.526315789473684,2.21052631578947,2,2,7,5,8,10,10,10,10,6,8,9,6,10,10,8,10,9,8
"385",386,0,5.63157894736842,7.68421052631579,8.05263157894737,6.78947368421053,NA,0.315789473684211,2.21052631578947,2,3,1,3,5,8,7,7,2,5,7,8,8,9,9,8,8,8,3
"386",387,0,8.18421052631579,7.52631578947368,NA,NA,NA,0.736842105263158,2.21052631578947,2,3,5,5,8,8,6,6,4,3,8,7,7,8,8,7,7,8,2
"387",388,0,6.97368421052632,6.55263157894737,NA,NA,NA,0.473684210526316,2.21052631578947,2,3,7,4,8,7,3,3,5,3,4,7,6,6,7,6,6,6,4
"388",389,0,NA,NA,NA,NA,NA,0.894736842105263,2.21052631578947,2,1,7,8,5,8,7,7,10,2,1,10,7,8,8,10,10,7,8
"389",390,0,NA,NA,NA,NA,NA,0.157894736842105,2.21052631578947,4,2,6,1,6,10,6,6,8,1,4,10,6,8,8,8,8,4,6
"390",391,0,6.52631578947368,NA,6.84210526315789,NA,NA,0.526315789473684,2.21052631578947,2,6,8,1,6,8,6,7,9,1,9,9,1,3,5,5,5,4,2
"391",392,0,6,NA,7.63157894736842,7.10526315789474,NA,0.473684210526316,2.21052631578947,2,6,4,3,3,9,10,9,9,1,3,10,6,8,10,5,10,7,7
"392",393,0,NA,NA,NA,NA,NA,0.315789473684211,2.21052631578947,2,6,3,2,3,5,9,9,4,3,4,9,6,7,8,7,7,5,4
"393",394,0,NA,NA,NA,NA,NA,0.263157894736842,2.21052631578947,2,6,3,1,4,9,8,8,10,1,1,10,6,9,9,8,7,7,2
"394",395,0,5.68421052631579,7.05263157894737,6.89473684210526,NA,NA,0.263157894736842,2.21052631578947,2,6,3,4,4,10,8,8,6,1,8,9,3,10,10,7,9,7,8
"395",396,0,NA,NA,NA,NA,NA,0.263157894736842,2.21052631578947,4,6,3,8,7,10,10,10,7,7,7,10,9,10,10,10,10,7,7
"396",397,1,5.72222222222222,7.44444444444444,7.72222222222222,5.5,NA,0.333333333333333,2.16666666666667,2,1,9,8,8,6,7,7,6,2,6,7,5,7,8,4,7,5,1
"397",398,1,7.11111111111111,NA,7.33333333333333,NA,NA,0.666666666666667,2.16666666666667,2,7,4,1,2,10,7,7,9,9,8,7,7,7,9,6,5,6,2
"398",399,1,NA,NA,NA,NA,NA,0.333333333333333,2.16666666666667,2,7,9,2,9,9,9,9,7,3,5,9,1,6,7,8,10,3,8
"399",400,1,7.11111111111111,8.05555555555556,7.66666666666667,NA,NA,0.777777777777778,2.16666666666667,2,7,7,4,7,7,6,6,6,1,8,7,1,7,7,6,7,1,1
"400",401,1,6.33333333333333,8.22222222222222,8.27777777777778,NA,NA,0.5,2.16666666666667,2,7,10,1,4,8,8,8,8,2,5,5,1,8,8,10,10,7,3
"401",402,1,5.11111111111111,8.16666666666667,8.33333333333333,6.55555555555556,NA,0.111111111111111,2.16666666666667,4,7,10,2,6,9,6,6,9,7,4,3,3,5,8,4,4,6,9
"402",403,1,4.88888888888889,NA,8.16666666666667,NA,NA,0.166666666666667,2.16666666666667,2,7,9,8,3,7,4,3,5,3,3,5,6,5,8,3,6,2,1
"403",404,1,8.30555555555556,NA,8.33333333333333,6.88888888888889,NA,0.611111111111111,2.16666666666667,2,7,10,5,8,10,8,8,9,7,9,8,4,5,8,7,8,6,3
"404",405,1,5.38888888888889,8.38888888888889,8.33333333333333,6.72222222222222,NA,0.277777777777778,2.16666666666667,1,9,6,1,6,9,8,9,2,6,8,8,6,10,9,7,9,9,5
"405",406,1,5.77777777777778,NA,7.38888888888889,NA,NA,0.333333333333333,2.16666666666667,4,7,4,6,8,9,6,7,8,6,6,7,7,8,9,7,10,2,1
"406",407,1,7.11111111111111,8.11111111111111,8.77777777777778,6.88888888888889,NA,0.722222222222222,2.16666666666667,2,6,8,4,7,9,9,9,7,4,2,9,5,7,10,9,9,7,7
"407",408,1,6.72222222222222,6.88888888888889,7.05555555555556,7,7.22222222222222,0.5,2.16666666666667,3,9,7,7,9,8,9,8,3,5,1,6,2,4,8,6,10,2,1
"408",409,1,6.83333333333333,NA,NA,NA,NA,0.611111111111111,2.16666666666667,2,2,10,4,1,4,7,8,10,2,8,7,2,6,8,10,10,5,2
"409",410,1,7.22222222222222,8.11111111111111,8.05555555555556,NA,NA,0.722222222222222,2.16666666666667,2,7,10,8,5,8,1,1,8,10,1,8,2,2,4,4,5,1,1
"410",411,1,7.02777777777778,8,7.77777777777778,7.83333333333333,NA,0.5,2.16666666666667,2,7,7,6,6,7,7,6,3,3,1,8,1,7,6,7,10,8,3
"411",412,1,5.72222222222222,7.61111111111111,7.44444444444444,NA,NA,0.333333333333333,2.16666666666667,2,7,10,10,10,5,8,8,0,7,3,8,6,5,5,8,8,4,4
"412",413,1,6.88888888888889,7.94444444444444,8.05555555555556,7,NA,0.611111111111111,2.16666666666667,2,8,6,7,5,7,5,3,5,5,4,6,8,6,9,6,6,7,0
"413",414,1,NA,NA,NA,NA,NA,0.444444444444444,2.16666666666667,2,7,10,5,9,5,0,0,5,5,0,8,7,0,0,0,1,2,0
"414",415,1,NA,NA,NA,NA,NA,0.0555555555555556,2.16666666666667,2,7,1,1,6,6,7,5,1,1,3,10,1,6,6,3,7,1,1
"415",416,0,7.25,7.625,7.625,7.625,7.5,0.875,2.5,3,3,4,1,8,8,7,6,6,1,8,7,8,5,7,5,10,4,3
"416",417,0,5.25,7.375,8,6,6.375,0.125,2.5,2,3,6,1,4,5,8,8,8,3,5,7,2,6,7,7,6,3,8
"417",418,0,6.75,8.125,7.875,7.25,NA,0.625,2.5,4,1,2,2,5,9,7,8,6,5,6,10,8,8,10,7,9,7,7
"418",419,0,NA,NA,NA,NA,NA,0.125,2.5,2,11,6,2,5,8,5,6,5,2,9,9,8,9,9,6,6,4,7
"419",420,0,7.5,7.875,7.625,7.75,7.125,0.875,2.5,2,11,8,4,5,10,8,8,7,4,3,9,7,8,7,4,5,6,4
"420",421,0,6.875,7,6.875,6.125,NA,0.5,2.5,4,11,1,1,1,8,5,5,1,5,5,5,8,10,10,5,10,10,5
"421",422,1,6.5,7.5,8,7.33333333333333,7.83333333333333,0.833333333333333,2.83333333333333,2,7,7,2,8,9,9,9,10,2,4,7,5,9,8,6,6,7,9
"422",423,1,6.16666666666667,7.33333333333333,7.33333333333333,5.83333333333333,7.16666666666667,0.333333333333333,2.83333333333333,2,7,9,2,9,8,7,7,7,6,5,9,5,5,8,7,5,5,4
"423",424,1,5.16666666666667,7.83333333333333,8,6,6.83333333333333,0.5,2.83333333333333,4,2,7,7,7,7,5,5,6,7,5,5,7,5,8,5,7,8,5
"424",425,1,3.41666666666667,7.41666666666667,6.33333333333333,4.16666666666667,7.83333333333333,0,2.83333333333333,2,7,7,8,8,8,7,6,5,2,7,5,5,6,7,5,7,2,2
"425",426,1,3.5,6.66666666666667,4.16666666666667,4.83333333333333,7.83333333333333,0.166666666666667,2.83333333333333,2,13,7,2,7,8,6,4,3,2,6,5,3,7,6,6,6,4,2
"426",427,1,5.66666666666667,7,7.33333333333333,4.83333333333333,6.33333333333333,0.166666666666667,2.83333333333333,2,15,10,1,10,8,7,7,9,1,3,8,1,4,5,7,10,1,10
"427",428,1,6,8.33333333333333,7.5,6.83333333333333,8.66666666666667,0.666666666666667,2.83333333333333,4,7,6,5,5,9,6,7,6,5,6,7,5,6,7,5,7,7,3
"428",429,1,6.83333333333333,6.83333333333333,6.66666666666667,5.83333333333333,7.83333333333333,0.5,2.83333333333333,2,7,7,8,8,9,8,8,8,6,7,9,8,8,8,8,8,7,6
"429",430,0,6.14285714285714,6.5,7.07142857142857,5.92857142857143,5.64285714285714,0.642857142857143,3,4,2,10,10,10,6,3,2,4,2,4,4,8,9,9,8,8,5,4
"430",431,0,5.78571428571429,6.42857142857143,5.78571428571429,4.5,7.14285714285714,0.5,3,4,7,10,9,7,10,10,10,10,5,4,10,7,7,5,8,10,10,3
"431",432,0,6.57142857142857,7.5,7.78571428571429,6.5,5.78571428571429,0.5,3,2,11,2,2,2,10,10,10,7,1,6,6,4,9,8,8,7,5,5
"432",433,0,5.14285714285714,6.78571428571429,6.92857142857143,6.71428571428571,5.92857142857143,0.428571428571429,3,6,6,3,3,8,8,8,8,8,1,6,7,5,7,8,5,5,5,3
"433",434,0,7.14285714285714,7.07142857142857,7.42857142857143,6.35714285714286,5.64285714285714,0.785714285714286,3,2,15,4,2,9,6,3,3,3,2,7,2,6,2,2,4,7,8,4
"434",435,0,5.64285714285714,6.21428571428571,5.92857142857143,6.57142857142857,6.64285714285714,0.285714285714286,3,1,1,5,5,6,9,8,8,3,2,9,9,1,8,7,9,9,10,10
"435",436,0,7.28571428571429,7,6.28571428571429,7.5,7.35714285714286,0.5,3,2,1,8,5,9,10,8,7,8,5,1,9,10,8,10,6,10,10,4
"436",437,0,5.92857142857143,6.35714285714286,6.92857142857143,6,5.07142857142857,0.285714285714286,3,2,11,6,7,7,8,9,9,8,5,6,9,7,10,10,10,10,5,6
"437",438,0,6.5,NA,7,6.64285714285714,NA,0.714285714285714,3,2,11,3,1,8,9,5,5,8,4,7,6,5,7,9,10,9,8,3
"438",439,0,7.42857142857143,6.92857142857143,5.92857142857143,6,5.5,0.642857142857143,3,2,2,8,4,8,9,8,9,6,1,7,9,6,4,9,9,9,6,6
"439",440,1,8.4,8.8,8,8.1,8.2,0.5,2.7,2,1,10,10,10,10,7,7,7,3,1,3,5,5,10,8,10,8,5
"440",441,1,6.6,7.4,7,7.4,7.4,0.5,2.7,2,1,6,1,6,7,7,8,7,14,9,9,8,9,10,10,10,7,2
"441",442,1,6.1,8.1,7.9,6.1,7.7,0.4,2.7,2,1,7,1,7,5,1,1,7,1,8,6,1,1,5,3,5,2,1
"442",443,1,6.3,8.3,7.8,NA,8.2,0.2,2.7,3,9,9,5,7,8,5,5,5,3,7,6,1,6,7,8,8,4,5
"443",444,1,8.4,7.9,7,7.5,8.3,0.5,2.7,2,7,8,8,9,2,6,8,6,2,5,2,7,1,10,3,5,5,6
"444",445,1,6.5,7.6,7,6.9,7.5,0.4,2.7,2,9,9,6,8,8,5,3,9,5,9,10,5,4,10,8,9,5,1
"445",446,1,6.1,7.8,7.3,5.8,7,0.5,2.7,3,7,9,2,9,8,8,7,6,3,6,6,5,6,6,5,8,3,3
"446",447,1,7.1,8.4,8.1,6.9,8.4,0.3,2.7,4,7,7,5,6,8,3,2,6,2,5,6,3,4,8,4,9,2,4
"447",448,1,7.9,7.9,6.3,7.9,8.6,0.6,2.7,2,7,3,2,4,9,8,9,3,5,9,7,3,6,7,6,10,6,5
"448",449,1,7.7,8.3,7.4,7.7,8.3,0.3,2.7,6,1,8,2,6,8,7,5,5,3,1,9,7,6,9,2,6,4,1
"449",450,1,5.6,8.2,7.3,7,7.9,0.3,2.7,2,9,7,3,9,9,9,9,9,9,3,5,7,9,10,9,10,5,10
"450",451,1,2.8,8.3,7.3,4.8,8.1,0,2.7,4,7,3,3,2,4,4,3,3,4,3,6,7,5,7,7,8,6,6
"451",452,1,4.2,8.2,7.2,7,8,0.1,2.7,4,7,9,6,8,7,8,7,8,7,9,8,7,8,9,8,10,5,3
"452",453,1,3.7,NA,NA,NA,NA,0.1,2.7,4,1,6,3,5,6,6,5,6,5,3,6,6,4,7,6,5,4,1
"453",454,0,5.83333333333333,NA,NA,NA,NA,0.5,3.66666666666667,2,2,5,8,5,9,9,9,7,1,4,9,4,9,9,8,8,4,9
"454",455,0,5.5,NA,7.83333333333333,NA,NA,0.166666666666667,3.66666666666667,4,2,3,5,3,10,10,7,7,1,8,10,4,8,9,8,9,9,7
"455",456,0,7.5,NA,NA,NA,7.5,1,3.66666666666667,4,7,1,1,8,8,7,7,6,2,8,8,4,7,7,6,6,8,8
"456",457,0,5.66666666666667,NA,7.66666666666667,NA,NA,0.166666666666667,3.66666666666667,4,6,1,2,1,8,9,9,10,1,1,10,4,7,3,10,8,1,1
"457",458,0,6.16666666666667,NA,NA,NA,8,0.333333333333333,3.66666666666667,4,7,9,1,6,10,8,6,9,3,6,9,7,8,8,4,1,10,9
"458",459,0,7.16666666666667,NA,NA,NA,7.5,0.666666666666667,3.66666666666667,4,7,1,3,1,9,8,9,1,1,6,4,6,8,8,8,8,8,1
"459",460,1,7,8,8.5,6.83333333333333,6.66666666666667,0.833333333333333,3.66666666666667,2,2,9,7,10,10,10,10,8,1,7,9,10,6,9,10,10,1,5
"460",461,1,4.5,7,6.83333333333333,5.66666666666667,7,0.166666666666667,3.66666666666667,6,4,9,8,9,9,7,7,9,8,6,2,2,7,6,6,6,4,4
"461",462,1,4.16666666666667,6.83333333333333,8.33333333333333,4.66666666666667,6.83333333333333,0.166666666666667,3.66666666666667,4,2,8,7,5,2,6,6,1,2,7,3,8,5,7,6,9,2,2
"462",463,1,5.83333333333333,8.33333333333333,8.33333333333333,6.5,7.33333333333333,0.5,3.66666666666667,4,10,5,4,7,5,4,3,3,5,4,5,4,4,4,4,7,3,1
"463",464,1,7,8.16666666666667,7.16666666666667,7.83333333333333,7.66666666666667,0.666666666666667,3.66666666666667,4,7,10,9,6,7,3,3,5,5,9,3,4,6,7,7,7,2,1
"464",465,1,5.16666666666667,5.5,6.16666666666667,6,NA,0.166666666666667,3.66666666666667,2,6,4,8,1,3,8,8,4,1,4,9,2,1,3,10,10,1,1
"465",466,0,7.73333333333333,8.06666666666667,7.6,7.73333333333333,NA,0.666666666666667,3.13333333333333,2,10,4,2,9,8,5,6,4,3,2,8,5,5,7,6,8,4,2
"466",467,0,8.33333333333333,7.8,7.4,7.2,NA,0.666666666666667,3.13333333333333,2,7,8,4,9,9,9,9,8,5,8,9,8,9,9,9,9,9,9
"467",468,0,8.33333333333333,8.46666666666667,7.93333333333333,7.8,8,0.666666666666667,3.13333333333333,6,2,8,3,7,7,7,8,8,2,6,8,7,5,9,9,9,7,6
"468",469,0,8,7.86666666666667,7.66666666666667,7.26666666666667,NA,0.733333333333333,3.13333333333333,4,9,10,7,7,7,7,7,3,3,4,7,9,7,7,7,8,6,9
"469",470,0,8.06666666666667,8.53333333333333,7.4,7.53333333333333,8.2,0.733333333333333,3.13333333333333,4,4,1,1,1,10,10,10,2,1,3,10,5,10,10,6,6,10,1
"470",471,0,6.26666666666667,7.93333333333333,7.46666666666667,6.86666666666667,NA,0.466666666666667,3.13333333333333,4,4,3,4,6,10,7,7,5,2,9,7,8,6,8,6,6,10,4
"471",472,0,7.2,7.93333333333333,7.66666666666667,6.66666666666667,7,0.466666666666667,3.13333333333333,3,5,10,6,7,9,9,8,9,1,7,8,1,10,10,10,10,5,9
"472",473,0,5.93333333333333,7.6,7.26666666666667,5.13333333333333,6.66666666666667,0.0666666666666667,3.13333333333333,4,2,7,5,5,8,8,8,8,6,6,9,8,8,9,9,9,7,7
"473",474,0,7.93333333333333,8.2,7.93333333333333,8.13333333333333,NA,0.8,3.13333333333333,1,2,10,2,10,10,7,7,9,2,9,8,1,4,3,7,10,6,9
"474",475,0,7.06666666666667,7.73333333333333,7.66666666666667,7.6,NA,0.533333333333333,3.13333333333333,3,9,1,1,6,10,6,5,2,0,5,4,4,9,8,3,5,6,9
"475",476,0,NA,NA,NA,NA,NA,0.333333333333333,3.13333333333333,2,9,4,1,7,9,5,5,4,1,7,3,3,3,3,3,7,6,3
"476",477,0,6.33333333333333,8.2,7.86666666666667,6.46666666666667,NA,0.266666666666667,3.13333333333333,3,5,9,6,7,8,6,8,8,4,7,7,4,7,8,7,7,6,4
"477",478,0,8,8.26666666666667,7.8,7.73333333333333,8.4,0.733333333333333,3.13333333333333,2,7,9,7,9,7,7,9,9,3,3,8,4,7,9,8,9,4,6
"478",479,0,7.66666666666667,8.13333333333333,7.46666666666667,6.73333333333333,NA,0.533333333333333,3.13333333333333,2,7,10,7,10,9,8,7,9,1,7,5,4,7,7,7,7,7,7
"479",480,0,NA,NA,NA,NA,NA,0.533333333333333,3.13333333333333,2,5,7,1,8,9,9,9,3,1,6,10,3,3,4,4,4,5,7
"480",481,1,6.4,6.5,6.73333333333333,5.13333333333333,5.33333333333333,0.133333333333333,2.93333333333333,2,2,3,3,7,9,8,7,1,2,5,8,2,7,10,10,10,6,1
"481",482,1,5.4,7.26666666666667,6.8,6.73333333333333,NA,0.6,2.93333333333333,2,7,9,7,5,9,6,5,8,2,5,9,6,7,7,2,4,4,3
"482",483,1,5.86666666666667,6.46666666666667,5.86666666666667,7,6.06666666666667,0.333333333333333,2.93333333333333,2,2,10,1,10,10,10,10,5,1,1,10,5,10,10,10,10,10,5
"483",484,1,NA,NA,NA,NA,NA,0.133333333333333,2.93333333333333,4,15,7,3,5,9,9,9,9,3,7,9,1,9,9,9,9,2,7
"484",485,1,4.26666666666667,6,6,4.53333333333333,NA,0.133333333333333,2.93333333333333,1,2,6,10,9,7,7,7,4,6,6,9,8,8,8,7,8,7,4
"485",486,1,5.53333333333333,NA,7.4,5.73333333333333,7.33333333333333,0.4,2.93333333333333,3,4,7,1,3,10,8,6,4,1,9,8,1,7,10,5,8,2,2
"486",487,1,3.66666666666667,7.53333333333333,NA,3.66666666666667,NA,0.0666666666666667,2.93333333333333,4,2,4,4,2,8,5,3,2,5,2,7,8,5,9,6,10,6,2
"487",488,1,4.93333333333333,6.66666666666667,6,5.93333333333333,6.73333333333333,0.266666666666667,2.93333333333333,4,7,3,3,3,9,5,1,1,1,8,8,8,8,8,8,8,8,3
"488",489,1,7.46666666666667,7,6.86666666666667,7.13333333333333,NA,0.733333333333333,2.93333333333333,2,7,7,7,7,9,9,9,6,9,9,6,6,9,9,9,7,6,5
"489",490,1,NA,NA,NA,NA,NA,0.133333333333333,2.93333333333333,2,6,3,1,2,7,7,7,6,2,5,9,9,8,10,9,8,7,4
"490",491,1,7.66666666666667,7.8,6.73333333333333,7.6,7.6,0.8,2.93333333333333,3,7,9,2,9,9,9,8,9,7,9,8,2,7,8,8,9,9,6
"491",492,1,7.33333333333333,7.86666666666667,7.26666666666667,7.4,7,0.666666666666667,2.93333333333333,6,2,10,10,10,10,10,10,10,2,4,10,7,5,5,2,5,10,10
"492",493,1,NA,NA,NA,NA,NA,0.6,2.93333333333333,4,13,10,10,7,7,4,4,3,3,6,7,10,8,8,7,7,10,6
"493",494,1,5.73333333333333,7.53333333333333,7.13333333333333,6.73333333333333,NA,0.466666666666667,2.93333333333333,2,6,8,10,4,10,10,10,1,1,4,8,6,9,10,7,8,9,10
"494",495,1,4.8,6.4,5.53333333333333,NA,5.2,0.2,2.93333333333333,6,6,7,5,6,7,5,6,7,7,6,5,6,7,7,6,5,5,6
"495",496,0,7,8.28571428571429,8.28571428571429,NA,NA,0.857142857142857,3.42857142857143,4,2,8,1,8,7,7,7,8,1,1,7,3,3,3,5,5,5,5
"496",497,0,6.42857142857143,7.28571428571429,7.14285714285714,6.85714285714286,7,0.428571428571429,3.42857142857143,2,2,7,5,1,8,7,6,7,3,1,7,8,6,9,9,8,8,7
"497",498,0,6.85714285714286,7.85714285714286,7.42857142857143,6.57142857142857,NA,0.714285714285714,3.42857142857143,2,2,3,1,5,7,3,3,6,6,9,8,9,6,8,8,8,3,1
"498",499,0,5.71428571428571,8,7.71428571428571,6.42857142857143,6.85714285714286,0.428571428571429,3.42857142857143,2,2,1,1,1,9,9,9,2,1,8,9,6,8,10,10,10,5,1
"499",500,0,5.85714285714286,7.71428571428571,8.14285714285714,NA,NA,0.857142857142857,3.42857142857143,1,2,4,2,6,7,7,7,2,2,7,8,5,7,8,8,8,6,5
"500",501,0,6.71428571428571,7.14285714285714,7.57142857142857,7.28571428571429,NA,0.571428571428571,3.42857142857143,2,2,5,4,8,8,9,9,6,1,3,9,7,9,9,9,10,7,6
"501",502,1,3.83333333333333,6.66666666666667,8,7.66666666666667,7.33333333333333,0,2.16666666666667,4,7,8,8,9,6,5,5,10,9,8,7,8,6,9,5,8,3,4
"502",503,1,2.33333333333333,7.83333333333333,5.66666666666667,5.16666666666667,7.33333333333333,0,2.16666666666667,2,2,2,4,4,8,8,8,7,5,2,6,5,7,8,9,9,7,7
"503",504,1,6.5,7.5,7,6.33333333333333,6.83333333333333,0.333333333333333,2.16666666666667,2,7,1,1,2,4,4,4,8,1,3,6,1,5,6,7,7,3,1
"504",505,1,6.5,7.33333333333333,NA,5.5,NA,0.166666666666667,2.16666666666667,4,6,10,6,10,5,10,10,9,7,1,10,10,10,10,10,10,10,10
"505",506,1,4.66666666666667,7.83333333333333,NA,3.66666666666667,7.83333333333333,0,2.16666666666667,4,7,6,4,6,7,7,7,8,2,4,9,2,5,5,5,5,2,1
"506",507,1,6,7.83333333333333,8,7.66666666666667,6.83333333333333,0.666666666666667,2.16666666666667,4,2,10,9,10,9,9,8,7,4,5,8,5,7,6,6,8,3,2
"507",508,1,5.83333333333333,6.83333333333333,5.66666666666667,5.33333333333333,6.5,0.166666666666667,2.16666666666667,4,10,10,4,7,6,4,4,4,9,7,10,3,5,4,7,10,4,8
"508",509,0,NA,NA,NA,NA,NA,0.454545454545455,2.77272727272727,4,16,6,3,6,7,7,7,3,3,4,6,4,4,8,5,7,7,7
"509",510,0,NA,NA,NA,NA,NA,0.636363636363636,2.77272727272727,3,2,8,1,4,10,8,7,10,5,7,9,1,3,9,7,5,1,7
"510",511,0,NA,NA,NA,NA,NA,0.181818181818182,2.77272727272727,4,7,6,5,5,7,8,10,10,3,9,8,5,8,9,9,10,7,8
"511",512,0,NA,NA,NA,NA,NA,0.409090909090909,2.77272727272727,2,6,1,1,1,8,9,10,8,0,9,9,6,10,9,7,10,5,5
"512",513,0,NA,NA,NA,NA,NA,0.681818181818182,2.77272727272727,2,6,1,1,9,9,9,9,1,0,8,9,8,9,10,6,8,6,6
"513",514,0,NA,NA,NA,NA,NA,0.181818181818182,2.77272727272727,2,2,5,3,7,7,8,10,2,2,1,8,6,10,8,9,10,6,7
"514",515,0,NA,NA,NA,NA,NA,0.409090909090909,2.77272727272727,2,16,10,10,8,9,9,8,10,3,8,9,8,9,10,7,10,5,9
"515",516,0,NA,NA,NA,NA,NA,0.545454545454545,2.77272727272727,4,2,3,3,6,10,9,9,5,5,8,9,6,9,4,9,9,9,3
"516",517,0,NA,NA,NA,NA,NA,0.272727272727273,2.77272727272727,3,6,2,1,9,9,6,8,4,1,2,9,3,10,8,4,4,3,9
"517",518,0,7.04545454545455,6.81818181818182,7.36363636363636,7.36363636363636,NA,0.636363636363636,2.77272727272727,2,6,4,2,5,8,6,7,5,5,9,9,8,8,8,6,8,9,4
"518",519,0,NA,NA,NA,NA,NA,0.318181818181818,2.77272727272727,2,13,9,5,9,5,8,7,7,2,3,9,4,7,8,7,8,2,2
"519",520,0,NA,NA,NA,NA,NA,0.181818181818182,2.77272727272727,6,9,4,6,8,8,10,8,5,2,9,10,8,9,8,5,5,8,2
"520",521,0,6.13636363636364,7.36363636363636,7.40909090909091,6.36363636363636,NA,0.5,2.77272727272727,2,9,7,7,8,8,8,8,10,7,5,8,6,7,8,8,8,6,6
"521",522,0,6.40909090909091,7.54545454545455,6.86363636363636,6.45454545454545,7.31818181818182,0.545454545454545,2.77272727272727,2,1,6,6,6,7,8,9,3,3,7,9,8,10,10,7,7,5,3
"522",523,0,4.09090909090909,6.63636363636364,6.95454545454545,5.77272727272727,NA,0.0909090909090909,2.77272727272727,4,10,8,1,5,9,4,3,6,7,8,13,5,2,7,8,9,3,1
"523",524,0,NA,NA,NA,NA,NA,0.636363636363636,2.77272727272727,4,4,4,1,7,9,8,8,6,3,8,7,7,8,8,5,5,7,5
"524",525,0,NA,NA,NA,NA,NA,0,2.77272727272727,2,3,6,2,8,6,5,5,3,2,1,8,8,9,10,7,8,8,1
"525",526,0,NA,NA,NA,NA,NA,0.136363636363636,2.77272727272727,3,11,2,1,3,10,10,7,6,5,10,8,4,10,8,6,8,4,10
"526",527,0,NA,NA,NA,NA,NA,0.136363636363636,2.77272727272727,6,11,5,5,1,8,7,7,6,2,7,6,6,8,7,8,8,7,6
"527",528,0,NA,NA,NA,NA,NA,0.227272727272727,2.77272727272727,3,11,5,8,4,2,2,2,8,6,2,2,2,3,7,3,3,2,2
"528",529,0,NA,NA,NA,NA,NA,0.136363636363636,2.77272727272727,4,5,7,4,6,10,8,8,8,6,5,5,5,8,8,8,8,4,4
"529",530,0,NA,NA,NA,NA,NA,0.136363636363636,2.77272727272727,4,10,7,10,5,6,3,8,6,7,6,3,5,8,10,9,10,6,3
"530",531,1,4.45454545454545,7.86363636363636,7.04545454545455,5.27272727272727,6.77272727272727,0.318181818181818,3.18181818181818,4,2,10,10,6,6,10,10,10,6,6,6,10,10,10,8,10,1,6
"531",532,1,NA,NA,NA,NA,NA,0.181818181818182,3.18181818181818,4,5,7,8,6,8,6,4,4,8,6,9,7,6,8,6,7,5,2
"532",533,1,NA,NA,NA,NA,NA,0.318181818181818,3.18181818181818,2,2,7,3,5,7,5,5,7,2,5,3,1,5,7,6,7,2,2
"533",534,1,5.45454545454545,6.68181818181818,6.27272727272727,5.63636363636364,6.31818181818182,0.318181818181818,3.18181818181818,6,5,7,9,3,9,9,8,6,7,7,7,3,6,7,8,7,4,1
"534",535,1,6,7.77272727272727,6.18181818181818,6.45454545454545,NA,0.681818181818182,3.18181818181818,2,2,4,3,4,7,7,6,2,8,8,8,6,6,9,8,9,5,6
"535",536,1,NA,NA,NA,NA,NA,0.454545454545455,3.18181818181818,2,7,7,3,5,8,7,7,3,2,7,8,6,4,9,7,9,7,1
"536",537,1,NA,NA,NA,NA,NA,0.545454545454545,3.18181818181818,4,1,6,6,7,10,8,8,3,3,6,10,8,10,10,10,10,10,1
"537",538,1,NA,NA,NA,NA,NA,0.545454545454545,3.18181818181818,2,7,8,2,8,8,8,8,8,8,6,8,5,4,6,3,6,6,6
"538",539,1,NA,NA,NA,NA,NA,0.363636363636364,3.18181818181818,2,1,8,9,8,9,9,9,4,6,8,8,6,7,9,7,7,7,6
"539",540,1,NA,NA,NA,NA,NA,0.227272727272727,3.18181818181818,2,2,6,4,4,5,7,8,8,9,6,7,4,9,9,9,9,6,3
"540",541,1,NA,NA,NA,NA,NA,0.272727272727273,3.18181818181818,4,7,10,10,7,8,3,5,4,3,8,3,10,5,10,10,9,9,3
"541",542,1,NA,NA,NA,NA,NA,0.272727272727273,3.18181818181818,4,7,4,7,6,10,9,8,1,8,8,9,8,8,9,9,8,9,6
"542",543,1,NA,NA,NA,NA,NA,0.272727272727273,3.18181818181818,4,5,8,8,5,8,8,5,5,9,8,8,8,6,8,8,8,8,3
"543",544,1,NA,NA,NA,NA,NA,0.363636363636364,3.18181818181818,4,4,3,4,3,10,7,8,5,14,9,2,10,7,8,8,9,10,3
"544",545,1,NA,NA,NA,NA,NA,0.318181818181818,3.18181818181818,2,4,10,2,2,5,5,4,7,5,4,7,4,3,4,5,5,2,1
"545",546,1,NA,NA,NA,NA,NA,0.545454545454545,3.18181818181818,2,7,10,5,8,10,4,3,5,1,1,2,4,3,6,3,9,10,6
"546",547,1,6.31818181818182,7.04545454545455,6.18181818181818,6.04545454545455,6.27272727272727,0.5,3.18181818181818,2,7,9,6,9,7,8,8,2,2,8,9,4,9,8,9,9,6,5
"547",548,1,NA,NA,NA,NA,NA,0.454545454545455,3.18181818181818,2,7,10,8,4,10,3,2,2,5,1,9,6,4,6,7,10,4,1
"548",549,1,NA,NA,NA,NA,NA,0.454545454545455,3.18181818181818,2,7,8,5,6,9,7,7,4,8,8,7,7,8,8,10,10,8,2
"549",550,1,5.13636363636364,6.5,5.81818181818182,5.27272727272727,6.36363636363636,0.272727272727273,3.18181818181818,2,7,5,3,5,9,7,8,3,3,8,8,3,7,7,4,6,6,3
"550",551,1,NA,NA,NA,NA,NA,0.454545454545455,3.18181818181818,1,7,6,1,7,6,7,3,2,1,7,10,2,5,6,7,7,7,1
"551",552,1,NA,NA,NA,NA,NA,0.681818181818182,3.18181818181818,2,15,8,2,5,10,10,10,7,1,9,8,3,7,9,10,10,7,3
